"(0.3514, -0.2365, -0.1968, -0.1949, -0.0863)",[ 3.3793 -1.2376  0.25  ]
"(0.3094, 0.4925, 0.4629, -0.1565, 0.3523)",[2.061  2.5772 0.25  ]
"(0.1157, -0.4121, 0.0578, 0.3772, 0.428)",[3.4905 0.9227 0.25  ]
"(0.339, -0.1037, -0.2424, 0.2975, 0.0062)",[ 3.6355 -0.1753  0.25  ]
"(0.2312, -0.4059, -0.0095, 0.4335, 0.4635)",[3.4413 0.9989 0.25  ]
"(-0.4137, 0.2597, 0.4613, -0.3463, -0.0408)",[3.4743 0.8149 0.25  ]
"(0.4124, 0.2546, -0.2049, -0.0035, 0.2845)",[3.3598 1.3618 0.25  ]
"(0.273, -0.0413, -0.2412, 0.2292, -0.4313)",[ 3.2972 -1.5038  0.25  ]
"(-0.4171, -0.0979, -0.3272, -0.2378, 0.1323)",[ 3.3774 -0.8196  0.25  ]
"(-0.165, 0.3236, -0.2667, -0.0649, -0.0461)",[3.663  0.0381 0.25  ]
"(0.2536, -0.4624, 0.0886, -0.1189, 0.1869)",[ 3.62   -0.4034  0.25  ]
"(0.4328, 0.2717, -0.1908, 0.0058, 0.3029)",[3.3364 1.405  0.25  ]
"(-0.1149, -0.1017, -0.0305, 0.2623, -0.2832)",[ 3.5487 -0.9465  0.25  ]
"(0.0566, 0.182, -0.4076, 0.2235, -0.0982)",[ 3.6548 -0.3313  0.25  ]
"(-0.0499, 0.3078, -0.4425, 0.1768, -0.4719)",[ 3.3666 -1.3666  0.25  ]
"(0.3374, -0.4098, -0.0096, 0.4311, 0.4601)",[3.401  1.0472 0.25  ]
"(-0.1356, 0.2268, -0.504, -0.0307, 0.2573)",[3.5882 0.3849 0.25  ]
"(-0.3831, 0.2882, 0.4774, 0.148, 0.0479)",[3.0968 1.5828 0.25  ]
"(-0.3188, 0.3081, -0.4422, 0.1773, -0.4718)",[ 3.3006 -1.4612  0.25  ]
"(0.382, -0.4029, 0.0657, -0.3963, 0.4375)",[3.5946 0.1819 0.25  ]
"(-0.4113, 0.2648, 0.4639, -0.3477, 0.2554)",[3.126 1.643 0.25 ]
"(0.3115, 0.2778, -0.2141, -0.0665, 0.2387)",[3.488  1.0823 0.25  ]
"(-0.1676, 0.3213, -0.4976, -0.3186, -0.2284)",[ 3.2993 -1.1631  0.25  ]
"(-0.2586, 0.1717, 0.4016, -0.3982, -0.4379)",[ 3.5202 -0.8043  0.25  ]
"(-0.1739, 0.3071, -0.2721, 0.0595, 0.0968)",[3.6204 0.6033 0.25  ]
"(0.2221, -0.175, -0.2138, -0.0509, 0.0741)",[ 3.627  -0.4717  0.25  ]
"(-0.4085, 0.494, 0.4638, -0.1575, 0.3551)",[2.3659 2.4237 0.25  ]
"(-0.4815, 0.4175, -0.5021, 0.3574, 0.1777)",[3.474  0.9744 0.25  ]
"(-0.2083, -0.1094, 0.3716, 0.0547, -0.21)",[ 3.646  -0.2696  0.25  ]
"(-0.1294, -0.0229, -0.0221, -0.4415, -0.3732)",[ 3.0849 -1.7449  0.25  ]
"(0.0092, -0.238, 0.4726, -0.1952, -0.2787)",[ 3.5641 -0.7857  0.25  ]
"(-0.1123, 0.27, -0.3098, -0.3903, -0.1005)",[ 3.4659 -0.7504  0.25  ]
"(0.0882, -0.1054, 0.3742, -0.1254, -0.4847)",[ 3.4507 -1.1609  0.25  ]
"(-0.2411, 0.3359, -0.1434, 0.4448, 0.4856)",[2.6934 2.2796 0.25  ]
"(-0.4082, -0.0338, -0.3131, -0.0957, 0.1497)",[ 3.5172 -0.5322  0.25  ]
"(-0.0165, 0.0979, 0.4677, 0.0969, -0.2019)",[3.5191 0.5524 0.25  ]
"(0.376, -0.4194, 0.0516, -0.4061, -0.5106)",[ 2.4019 -2.4975  0.25  ]
"(0.2021, 0.3458, 0.1367, 0.148, -0.0049)",[3.2958 1.3238 0.25  ]
"(-0.0364, -0.4824, 0.0087, -0.4788, 0.2969)",[ 3.4194 -0.7137  0.25  ]
"(0.0487, -0.302, -0.4014, 0.2581, 0.1884)",[ 3.5825 -0.4808  0.25  ]
"(0.3775, 0.3699, 0.4421, 0.175, -0.2509)",[3.0823 1.2374 0.25  ]
"(0.3873, -0.4971, 0.4032, -0.1461, -0.2173)",[ 3.3977 -1.1934  0.25  ]
"(-0.2738, 0.167, -0.4431, -0.0636, -0.4425)",[ 3.0033 -1.8596  0.25  ]
"(-0.1813, -0.0424, -0.3116, -0.0622, 0.1479)",[ 3.608  -0.3394  0.25  ]
"(0.2402, -0.4841, 0.4437, -0.3375, -0.2133)",[ 3.3204 -1.3966  0.25  ]
"(-0.3493, 0.2657, -0.196, -0.196, -0.1043)",[ 3.5858 -0.4415  0.25  ]
"(0.1589, 0.2848, -0.2577, -0.2724, -0.0339)",[ 3.6411 -0.1633  0.25  ]
"(-0.291, -0.0425, 0.4571, -0.2434, 0.2677)",[3.4303 1.1647 0.25  ]
"(-0.3886, 0.4845, 0.0337, -0.1136, 0.045)",[3.4208 1.1202 0.25  ]
"(-0.2535, 0.1825, -0.2285, 0.2393, -0.0675)",[ 3.6826 -0.0692  0.25  ]
"(0.0805, 0.0075, 0.005, 0.0024, 0.4989)",[3.3035 1.5721 0.25  ]
"(0.3407, 0.337, -0.1152, 0.3024, 0.4382)",[2.6834 2.2241 0.25  ]
"(-0.1509, 0.1432, 0.4252, 0.0574, 0.0821)",[3.2678 1.4101 0.25  ]
"(-0.199, -0.0434, 0.1661, -0.5049, 0.2669)",[3.5789 0.3785 0.25  ]
"(0.2316, -0.4949, 0.434, -0.3417, -0.3643)",[ 3.0902 -1.8021  0.25  ]
"(-0.0269, -0.0465, -0.3245, -0.1013, 0.4127)",[3.5861 0.5557 0.25  ]
"(-0.3488, -0.2341, -0.4147, -0.1961, -0.0836)",[ 2.8558 -1.7864  0.25  ]
"(0.3185, 0.0528, -0.0169, 0.2538, -0.4274)",[ 3.5188 -0.8451  0.25  ]
"(-0.2632, -0.4021, 0.5069, -0.0022, 0.4377)",[3.4276 1.1592 0.25  ]
"(0.2843, 0.2723, -0.4374, 0.1035, -0.4678)",[ 3.3585 -1.3584  0.25  ]
"(-0.4669, -0.4949, -0.1454, -0.1426, -0.2146)",[ 2.5546 -2.1995  0.25  ]
"(0.327, 0.4787, -0.4391, -0.1759, -0.2722)",[ 3.5836 -0.5053  0.25  ]
"(0.3566, -0.4653, -0.3847, 0.2726, 0.2443)",[ 3.4856 -0.6511  0.25  ]
"(-0.3489, 0.2056, 0.2463, 0.3883, -0.1846)",[3.4775 0.7077 0.25  ]
"(-0.3846, 0.2862, 0.0754, -0.1139, -0.0839)",[3.6433 0.2354 0.25  ]
"(-0.2546, -0.2235, -0.1844, 0.1265, -0.3637)",[ 2.9752 -1.9854  0.25  ]
"(-0.114, 0.2346, -0.3989, 0.2612, 0.4949)",[3.2482 1.6124 0.25  ]
"(-0.1249, -0.0218, 0.0379, -0.4427, -0.3717)",[ 3.1514 -1.6656  0.25  ]
"(0.3171, 0.2711, -0.3779, -0.0683, 0.3508)",[3.4388 1.1661 0.25  ]
"(0.0932, 0.3217, 0.2723, 0.3287, -0.4888)",[3.4804 0.1434 0.25  ]
"(-0.2378, 0.179, -0.1013, 0.2178, -0.1008)",[3.6846 0.0762 0.25  ]
"(0.0151, -0.4877, 0.3537, 0.1286, -0.2785)",[ 3.3639 -1.3182  0.25  ]
"(-0.0004, 0.4312, -0.299, 0.4617, -0.3393)",[ 3.6104 -0.073   0.25  ]
"(-0.2679, -0.2279, -0.4291, 0.1182, -0.4273)",[ 2.4586 -2.4082  0.25  ]
"(0.3034, -0.1189, 0.4802, -0.1919, -0.2685)",[ 3.605  -0.3821  0.25  ]
"(-0.0456, -0.0733, 0.0761, -0.2316, -0.483)",[ 3.1493 -1.7985  0.25  ]
"(-0.2425, 0.0557, -0.014, 0.155, -0.1945)",[ 3.6576 -0.4862  0.25  ]
"(-0.4347, 0.1838, 0.3418, 0.2886, 0.0943)",[3.2567 1.3916 0.25  ]
"(0.3196, 0.053, -0.0189, 0.25, -0.1969)",[ 3.6276 -0.1572  0.25  ]
"(-0.2024, -0.0577, -0.3985, -0.2472, 0.3427)",[ 3.5104 -0.1375  0.25  ]
"(0.066, -0.2832, 0.2461, 0.2767, 0.2067)",[3.5598 0.701  0.25  ]
"(0.1673, 0.0922, 0.2324, 0.2729, 0.1521)",[3.2239 1.4571 0.25  ]
"(-0.4168, 0.4616, 0.4604, 0.2585, 0.4822)",[1.6693 2.7567 0.25  ]
"(-0.3801, 0.2877, 0.0782, 0.0961, -0.0826)",[3.6132 0.5249 0.25  ]
"(-0.1637, 0.2707, -0.4263, -0.4793, -0.2282)",[ 3.1788 -1.3094  0.25  ]
"(0.4546, -0.1838, -0.113, -0.3599, 0.0946)",[ 3.5754 -0.5289  0.25  ]
"(0.4454, -0.0598, -0.219, -0.3672, -0.5104)",[ 2.7923 -2.1484  0.25  ]
"(0.3432, -0.4774, -0.3969, -0.1773, -0.267)",[ 2.3865 -2.3602  0.25  ]
"(-0.1206, 0.2377, -0.1317, 0.0785, -0.103)",[3.69  0.055 0.25 ]
"(0.0036, -0.4631, -0.1326, 0.0879, 0.2964)",[ 3.6021 -0.3735  0.25  ]
"(0.3256, -0.1908, 0.3602, -0.177, -0.2726)",[ 3.5863 -0.6528  0.25  ]
"(-0.2022, 0.4446, 0.3934, -0.4192, -0.1249)",[3.484  0.7585 0.25  ]
"(-0.3186, 0.0895, -0.5092, -0.2802, 0.2498)",[ 3.4462 -0.2802  0.25  ]
"(0.0866, -0.2774, 0.3634, -0.3951, -0.1075)",[ 3.5727 -0.7455  0.25  ]
"(0.3566, -0.2345, -0.4128, -0.1949, -0.0839)",[ 3.1351 -1.5603  0.25  ]
"(0.3029, 0.1658, 0.1569, 0.2094, -0.325)",[3.5673 0.1184 0.25  ]
"(-0.3079, 0.2576, 0.0771, 0.006, -0.4821)",[ 3.5424 -0.9045  0.25  ]
"(-0.3937, -0.4693, 0.4614, -0.096, 0.3588)",[3.5782 0.5706 0.25  ]
"(-0.0253, 0.1032, -0.3075, -0.0898, 0.2037)",[3.6473 0.196  0.25  ]
"(-0.0264, 0.2567, -0.4521, 0.0904, -0.4834)",[ 3.2887 -1.5188  0.25  ]
"(0.0464, -0.4108, 0.1675, -0.1704, 0.0185)",[ 3.5322 -0.8939  0.25  ]
"(0.2762, -0.0225, 0.0367, -0.4393, -0.372)",[ 3.2804 -1.5146  0.25  ]
"(-0.4607, 0.4396, -0.0206, 0.3798, -0.1108)",[3.4702 0.8885 0.25  ]
"(0.2456, 0.2509, 0.0699, 0.3378, -0.4684)",[ 3.5463 -0.3199  0.25  ]
"(-0.1249, 0.1229, -0.3184, -0.1009, -0.4065)",[ 3.1121 -1.7673  0.25  ]
"(-0.1194, 0.0848, -0.3251, -0.1044, -0.4151)",[ 3.0941 -1.7987  0.25  ]
"(-0.1085, 0.2204, -0.49, 0.2501, 0.4809)",[3.3316 1.4249 0.25  ]
"(-0.2454, 0.0832, -0.3227, 0.2629, 0.144)",[3.6613 0.3211 0.25  ]
"(-0.4414, 0.2294, -0.501, -0.0316, 0.2596)",[3.5412 0.2435 0.25  ]
"(-0.1613, 0.2723, -0.4258, -0.4731, -0.3686)",[ 2.9819 -1.6685  0.25  ]
"(0.3989, -0.3864, 0.0741, 0.0951, 0.3432)",[3.59   0.5513 0.25  ]
"(0.3036, -0.2932, -0.232, -0.0793, 0.3459)",[3.6263 0.0793 0.25  ]
"(0.0158, -0.1222, 0.4777, -0.1928, -0.2721)",[ 3.6127 -0.5251  0.25  ]
"(-0.3454, -0.2195, -0.4008, -0.183, 0.3706)",[ 3.3944 -0.5297  0.25  ]
"(0.2758, -0.1856, -0.4067, 0.0406, -0.3751)",[ 2.8272 -2.1038  0.25  ]
"(0.1608, -0.4938, 0.4069, -0.1418, -0.2144)",[ 3.3924 -1.2668  0.25  ]
"(-0.0239, 0.3588, 0.0285, -0.4626, 0.3188)",[3.3217 1.3666 0.25  ]
"(-0.2587, 0.3191, -0.1008, 0.4289, 0.4696)",[2.683  2.2832 0.25  ]
"(0.366, -0.4871, 0.4432, -0.3361, -0.2173)",[ 3.3509 -1.3114  0.25  ]
"(-0.3044, 0.1079, -0.4918, -0.2419, 0.2674)",[ 3.4697 -0.2001  0.25  ]
"(0.4948, 0.1804, -0.2989, 0.2907, 0.4599)",[3.0526 1.8045 0.25  ]
"(-0.488, 0.2573, -0.323, -0.2037, -0.1125)",[ 3.46  -0.736  0.25 ]
"(0.0922, -0.2662, 0.1106, 0.4443, 0.193)",[3.5413 0.6622 0.25  ]
"(0.291, -0.4579, 0.4916, -0.448, 0.3019)",[3.6148 0.236  0.25  ]
"(0.3199, 0.3491, -0.4405, -0.1808, -0.3206)",[ 3.4688 -1.0012  0.25  ]
"(-0.3918, 0.4203, -0.1212, 0.496, -0.1988)",[3.5529 0.5279 0.25  ]
"(0.0293, -0.097, -0.4979, -0.2651, 0.2535)",[ 3.442  -0.5711  0.25  ]
"(0.0853, -0.2678, -0.0876, 0.4427, 0.192)",[3.6208 0.3207 0.25  ]
"(0.05, 0.4387, -0.1405, 0.2089, -0.111)",[3.5268 0.8184 0.25  ]
"(0.3526, -0.4589, 0.2486, -0.4447, 0.1022)",[ 3.5074 -0.798   0.25  ]
"(0.3425, -0.4831, 0.3577, -0.1801, -0.2736)",[ 3.3241 -1.3936  0.25  ]
"(-0.1929, 0.3702, 0.4005, -0.2809, -0.3004)",[3.5864 0.2444 0.25  ]
"(-0.124, 0.2077, -0.1219, 0.1476, -0.4832)",[ 3.4574 -1.2226  0.25  ]
"(-0.1221, -0.0145, -0.0142, 0.4557, -0.3648)",[ 3.546  -0.7989  0.25  ]
"(-0.1431, 0.155, 0.4354, 0.4342, 0.4946)",[2.0657 2.5612 0.25  ]
"(0.4275, 0.3624, -0.1774, -0.287, -0.3078)",[ 3.5985 -0.5497  0.25  ]
"(-0.2166, -0.3328, -0.1117, 0.1308, 0.3465)",[3.6503 0.1468 0.25  ]
"(0.1257, 0.3121, -0.2677, 0.063, 0.1019)",[3.5899 0.7579 0.25  ]
"(-0.1184, 0.1106, -0.3275, -0.1044, -0.5003)",[ 2.9897 -1.954   0.25  ]
"(0.458, 0.3746, -0.0965, -0.3492, 0.1153)",[3.5235 0.859  0.25  ]
"(-0.3981, -0.0787, 0.2213, -0.2183, 0.2109)",[3.6206 0.3955 0.25  ]
"(-0.1574, 0.1448, 0.424, 0.0578, 0.4853)",[2.5151 2.4023 0.25  ]
"(0.4002, -0.3231, -0.4913, 0.0497, -0.2137)",[ 2.8693 -1.9451  0.25  ]
"(-0.1949, -0.0531, -0.3944, -0.4885, 0.3479)",[ 3.3738 -0.3423  0.25  ]
"(-0.3317, 0.4552, 0.2662, 0.4025, -0.1654)",[3.1815 1.3011 0.25  ]
"(-0.1535, -0.2643, 0.255, 0.0634, 0.1058)",[3.6796 0.1182 0.25  ]
"(-0.3864, -0.4926, -0.4415, 0.2209, -0.2632)",[ 2.4126 -2.3462  0.25  ]
"(-0.2346, 0.3081, -0.2224, -0.0735, -0.3417)",[ 3.5258 -0.9291  0.25  ]
"(-0.1539, 0.1453, -0.0533, 0.0553, 0.0856)",[3.641  0.5982 0.25  ]
"(-0.1482, 0.2325, -0.1391, 0.0676, -0.1067)",[ 3.689  -0.0832  0.25  ]
"(0.007, -0.3939, -0.3204, -0.0241, -0.4932)",[ 2.1373 -2.6541  0.25  ]
"(-0.1946, -0.037, 0.1739, 0.0898, 0.2725)",[3.4991 1.1006 0.25  ]
"(0.2674, 0.0415, -0.2892, -0.3476, 0.2819)",[3.6003 0.2411 0.25  ]
"(0.3327, -0.0512, -0.2525, 0.2256, 0.0001)",[ 3.6483 -0.1575  0.25  ]
"(-0.3165, -0.4372, -0.5059, 0.4548, 0.2523)",[ 3.4262 -0.7832  0.25  ]
"(-0.0293, 0.4079, 0.1953, 0.1026, 0.4992)",[2.2775 2.5906 0.25  ]
"(-0.1898, -0.0566, -0.3933, -0.4908, -0.2282)",[ 2.7226 -1.8887  0.25  ]
"(-0.257, 0.3211, -0.4571, 0.4313, 0.4714)",[3.0727 1.8521 0.25  ]
"(-0.1396, 0.1586, -0.1901, -0.0319, 0.0977)",[3.6715 0.234  0.25  ]
"(0.2244, -0.4674, -0.1371, 0.0835, -0.4276)",[ 2.6022 -2.3553  0.25  ]
"(-0.4432, 0.1874, -0.123, 0.3775, 0.1372)",[3.5399 0.8786 0.25  ]
"(0.1864, 0.1348, 0.2579, -0.0159, 0.4256)",[2.848  2.1204 0.25  ]
"(-0.3453, 0.2171, 0.256, -0.2684, -0.1723)",[3.6381 0.013  0.25  ]
"(0.4352, 0.2618, -0.1963, -0.1948, -0.1296)",[ 3.655  -0.1239  0.25  ]
"(-0.2469, -0.3481, 0.0509, 0.325, -0.4872)",[ 3.0012 -1.9729  0.25  ]
"(0.0433, -0.2948, 0.3549, -0.1942, -0.3746)",[ 3.3323 -1.4624  0.25  ]
"(0.0641, 0.4549, 0.2438, 0.2248, -0.0954)",[3.1375 1.4578 0.25  ]
"(-0.3438, 0.4456, 0.2548, -0.0166, -0.1738)",[3.4811 0.8334 0.25  ]
"(0.1283, -0.1052, -0.2755, 0.0566, 0.0922)",[ 3.6536 -0.3129  0.25  ]
"(0.3811, -0.3992, 0.0684, -0.3942, -0.3879)",[ 2.6648 -2.2663  0.25  ]
"(0.39, -0.3436, 0.4055, 0.0632, 0.457)",[3.2422 1.4696 0.25  ]
"(0.3158, 0.2812, -0.2102, -0.0593, -0.2494)",[ 3.6398 -0.4521  0.25  ]
"(0.376, 0.385, 0.4554, 0.186, 0.0045)",[2.6767 1.8744 0.25  ]
"(-0.1093, 0.4372, 0.3848, -0.4275, 0.1884)",[3.0746 1.7281 0.25  ]
"(-0.2984, 0.4367, 0.1661, 0.0549, 0.1272)",[3.1486 1.6632 0.25  ]
"(-0.1233, -0.2869, 0.4234, 0.0539, 0.223)",[3.5618 0.7738 0.25  ]
"(0.3952, -0.0405, -0.3494, 0.2529, 0.4784)",[3.3741 1.2749 0.25  ]
"(-0.0956, -0.1455, 0.5041, -0.4653, 0.1941)",[3.5885 0.5462 0.25  ]
"(-0.1483, 0.3149, -0.2652, 0.0631, 0.1067)",[3.6181 0.623  0.25  ]
"(0.0658, -0.2762, 0.2643, 0.003, 0.0036)",[ 3.6742 -0.1848  0.25  ]
"(-0.0478, 0.1708, -0.1083, 0.2111, -0.319)",[ 3.6358 -0.5645  0.25  ]
"(-0.4483, 0.0864, 0.4359, 0.0748, -0.4132)",[ 3.5753 -0.4367  0.25  ]
"(-0.0165, 0.4241, -0.1165, 0.073, 0.4846)",[2.7312 2.2874 0.25  ]
"(-0.4058, 0.3104, 0.4694, -0.1533, 0.3621)",[2.7292 2.1603 0.25  ]
"(0.0576, -0.2774, -0.2972, -0.1367, -0.3176)",[ 2.7183 -2.1804  0.25  ]
"(-0.3528, 0.2625, -0.3171, -0.1962, -0.1078)",[ 3.5174 -0.6491  0.25  ]
"(0.337, 0.366, -0.1734, -0.1642, -0.3044)",[ 3.6306 -0.4372  0.25  ]
"(0.2781, 0.0491, -0.2806, 0.2699, 0.1995)",[3.5848 0.6835 0.25  ]
"(0.4105, -0.2492, -0.2189, -0.0485, 0.3904)",[3.6116 0.3608 0.25  ]
"(0.3772, 0.3764, -0.0998, -0.0838, -0.243)",[3.6435 0.0941 0.25  ]
"(-0.3961, 0.2772, 0.0659, -0.3203, -0.0922)",[ 3.6157 -0.0082  0.25  ]
"(0.4855, -0.3782, 0.022, 0.1329, -0.1484)",[ 3.4541 -1.014   0.25  ]
"(-0.3334, -0.4946, 0.4346, -0.3468, -0.224)",[ 3.1329 -1.6457  0.25  ]
"(-0.2081, 0.2824, 0.2406, 0.1425, 0.042)",[3.3395 1.3054 0.25  ]
"(-0.47, -0.1926, -0.4129, 0.0365, -0.3823)",[ 2.5124 -2.2975  0.25  ]
"(-0.3005, 0.4323, 0.165, 0.0576, -0.109)",[3.4358 1.0374 0.25  ]
"(0.4971, 0.0043, 0.263, 0.1401, -0.2647)",[ 3.5604 -0.0825  0.25  ]
"(0.1845, 0.1936, -0.335, 0.4781, 0.013)",[3.5511 0.6248 0.25  ]
"(0.3631, -0.2226, -0.1835, 0.1249, -0.0724)",[ 3.5332 -0.863   0.25  ]
"(-0.1813, -0.0395, -0.378, -0.3035, -0.2108)",[ 2.9541 -1.7571  0.25  ]
"(0.2902, -0.4598, 0.24, 0.3504, 0.2999)",[3.4986 0.6923 0.25  ]
"(-0.4587, 0.1915, -0.2186, 0.4511, 0.3909)",[3.235  1.5984 0.25  ]
"(-0.1555, 0.3392, -0.1416, -0.0534, 0.4892)",[3.0614 1.9121 0.25  ]
"(0.4202, 0.2477, -0.2125, -0.0117, -0.2616)",[ 3.6321 -0.3881  0.25  ]
"(-0.0367, -0.349, 0.0126, -0.4795, 0.1117)",[ 3.3803 -0.9969  0.25  ]
"(0.4068, 0.1979, 0.3667, 0.0578, 0.3976)",[2.5016 2.3114 0.25  ]
"(-0.1109, -0.1621, -0.1037, -0.482, 0.1746)",[ 3.4799 -0.5753  0.25  ]
"(-0.2623, 0.4144, 0.0733, -0.3893, -0.4249)",[ 3.4966 -0.835   0.25  ]
"(-0.1083, 0.1852, 0.2662, 0.3284, -0.4953)",[ 3.5441 -0.2199  0.25  ]
"(0.3339, 0.4974, -0.4231, -0.1644, 0.3374)",[3.293  1.4253 0.25  ]
"(-0.2851, -0.4831, 0.0374, 0.2292, -0.2531)",[ 3.1362 -1.743   0.25  ]
"(-0.0322, -0.4777, 0.4537, -0.1442, -0.4583)",[ 3.0502 -1.8871  0.25  ]
"(0.0506, -0.2911, -0.1504, -0.4115, -0.3307)",[ 2.6309 -2.2124  0.25  ]
"(0.1042, 0.3019, 0.3922, -0.1072, -0.3083)",[3.5567 0.4104 0.25  ]
"(0.2107, 0.0357, -0.0339, 0.2374, -0.4442)",[ 3.5139 -0.9356  0.25  ]
"(-0.3968, -0.4033, 0.0578, 0.0804, -0.1041)",[ 3.3972 -1.2404  0.25  ]
"(-0.231, 0.4226, -0.1167, 0.2746, -0.1978)",[3.6112 0.433  0.25  ]
"(-0.1867, 0.1618, -0.2652, 0.1418, 0.1324)",[3.6513 0.4749 0.25  ]
"(-0.1529, 0.1434, -0.2051, -0.2056, 0.0837)",[3.6489 0.0047 0.25  ]
"(-0.3549, -0.4626, -0.1321, 0.0882, -0.4232)",[ 2.4024 -2.4796  0.25  ]
"(-0.0149, 0.2819, -0.4292, 0.1082, -0.3967)",[ 3.3821 -1.3267  0.25  ]
"(0.0613, 0.4612, -0.1222, 0.2241, 0.4028)",[2.7113 2.2563 0.25  ]
"(0.17, -0.1646, -0.4724, 0.1698, -0.1357)",[ 3.3007 -1.3876  0.25  ]
"(0.2798, -0.3091, 0.2301, 0.2406, -0.2393)",[ 3.5189 -0.7853  0.25  ]
"(-0.0296, -0.3313, 0.0251, -0.4679, 0.3207)",[ 3.5283 -0.3622  0.25  ]
"(-0.0187, -0.4627, 0.0285, 0.4343, 0.3167)",[3.6041 0.3637 0.25  ]
"(-0.2162, 0.3764, -0.1045, -0.3806, 0.3569)",[3.3134 1.3439 0.25  ]
"(-0.349, 0.4433, 0.2529, -0.4162, -0.1763)",[3.554  0.3929 0.25  ]
"(-0.0378, -0.3458, 0.2324, -0.4722, 0.0854)",[ 3.5262 -0.7144  0.25  ]
"(0.2005, 0.4481, 0.1373, 0.145, -0.0017)",[3.2109 1.4582 0.25  ]
"(0.2715, 0.43, -0.3027, -0.336, 0.2714)",[3.451  1.0376 0.25  ]
"(0.1857, 0.0512, -0.2786, -0.3385, 0.171)",[ 3.6061 -0.1305  0.25  ]
"(-0.2453, 0.1732, -0.4148, 0.2132, -0.1065)",[ 3.6215 -0.5131  0.25  ]
"(0.3451, 0.3424, 0.3511, -0.462, -0.3258)",[ 3.6059 -0.0376  0.25  ]
"(-0.3605, 0.249, -0.412, 0.2689, -0.1029)",[ 3.6406 -0.297   0.25  ]
"(0.0673, -0.1279, 0.4824, 0.355, 0.2298)",[3.0224 1.6365 0.25  ]
"(-0.399, -0.081, -0.3101, -0.0903, 0.1482)",[ 3.5043 -0.5887  0.25  ]
"(-0.2584, -0.1966, -0.2769, 0.2719, 0.2044)",[ 3.6452 -0.1835  0.25  ]
"(-0.3648, 0.3143, 0.4045, -0.0949, -0.2965)",[3.5847 0.2338 0.25  ]
"(0.3348, -0.2498, 0.0411, -0.3171, -0.2003)",[ 3.3874 -1.2931  0.25  ]
"(-0.4677, -0.1804, -0.4025, 0.0448, 0.2005)",[ 3.4286 -0.7532  0.25  ]
"(-0.2377, -0.1041, 0.4854, -0.1863, -0.2029)",[ 3.6271 -0.3884  0.25  ]
"(0.3341, -0.4077, 0.0506, 0.4286, -0.187)",[ 3.4301 -0.9528  0.25  ]
"(-0.0193, 0.4092, -0.0395, 0.4394, 0.1496)",[2.9778 1.8206 0.25  ]
"(-0.142, -0.4934, 0.346, -0.1052, -0.2829)",[ 3.1957 -1.6625  0.25  ]
"(0.2635, 0.2754, 0.4757, -0.338, 0.2677)",[2.9286 1.9399 0.25  ]
"(-0.4359, 0.1826, 0.3403, 0.2871, 0.0233)",[3.3531 1.1748 0.25  ]
"(-0.4565, 0.0481, -0.3423, 0.1468, -0.2016)",[ 3.4055 -1.18    0.25  ]
"(0.2011, 0.4323, 0.0343, 0.1353, 0.4724)",[2.3238 2.5491 0.25  ]
"(-0.4389, 0.107, -0.2529, 0.0856, 0.2574)",[3.6066 0.5107 0.25  ]
"(-0.0055, 0.4254, 0.3638, 0.4555, 0.1649)",[2.3091 2.2477 0.25  ]
"(0.3278, 0.3156, 0.0167, -0.4839, -0.3541)",[ 3.5644 -0.6884  0.25  ]
"(0.2672, 0.1616, 0.4621, -0.3454, 0.2495)",[3.0994 1.7356 0.25  ]
"(-0.4121, 0.2703, 0.3912, -0.3408, -0.0297)",[3.506  0.7376 0.25  ]
"(0.3023, 0.3264, -0.4238, 0.1947, -0.4538)",[ 3.4369 -1.154   0.25  ]
"(0.2184, 0.2022, -0.0175, -0.3868, -0.428)",[ 3.4181 -1.239   0.25  ]
"(0.3302, 0.2337, -0.4958, -0.0249, 0.2633)",[3.5674 0.6477 0.25  ]
"(0.1994, 0.4342, 0.036, 0.138, -0.4868)",[ 3.5872 -0.0927  0.25  ]
"(-0.2041, 0.0475, -0.0228, 0.2465, -0.4323)",[ 3.4881 -1.1288  0.25  ]
"(0.2315, 0.2337, 0.0535, 0.0539, -0.4461)",[ 3.6014 -0.5552  0.25  ]
"(0.3671, -0.2162, -0.3972, -0.1796, -0.0656)",[ 3.1598 -1.5237  0.25  ]
"(-0.4595, 0.0807, 0.4293, -0.3368, -0.0181)",[3.5886 0.3477 0.25  ]
"(0.4298, 0.2622, -0.1975, -0.197, -0.108)",[ 3.6569 -0.0822  0.25  ]
"(0.0521, -0.3526, 0.3971, 0.0564, 0.4476)",[3.358  1.3468 0.25  ]
"(0.0053, -0.3981, 0.0623, -0.0265, -0.498)",[ 2.742  -2.2826  0.25  ]
"(0.0915, -0.2788, 0.3634, -0.3938, 0.0901)",[ 3.6566 -0.117   0.25  ]
"(0.0494, 0.4833, -0.477, 0.1915, 0.2733)",[3.3391 1.3824 0.25  ]
"(0.2742, -0.0209, 0.0375, -0.2697, -0.3701)",[ 3.3937 -1.3466  0.25  ]
"(0.3792, -0.0886, -0.2583, -0.0975, -0.2688)",[ 3.3003 -1.4657  0.25  ]
"(-0.3886, 0.2139, -0.2153, -0.0472, 0.3967)",[3.4406 1.1261 0.25  ]
"(-0.3365, -0.4756, 0.4513, 0.5046, -0.2462)",[ 3.4546 -0.7542  0.25  ]
"(0.3436, 0.1448, 0.3422, -0.4648, -0.3358)",[ 3.5996 -0.5063  0.25  ]
"(-0.2291, -0.1944, -0.415, 0.034, -0.384)",[ 2.6082 -2.2758  0.25  ]
"(0.1602, 0.2677, -0.4816, -0.2829, -0.0518)",[ 3.5407 -0.5475  0.25  ]
"(0.4775, 0.1689, -0.2324, 0.2773, 0.4494)",[3.0438 1.8209 0.25  ]
"(0.1933, -0.4719, 0.4688, 0.4508, -0.0319)",[3.4516 0.2424 0.25  ]
"(-0.2431, 0.3296, 0.0573, 0.4441, 0.4779)",[2.3978 2.4757 0.25  ]
"(-0.0974, -0.4651, 0.4744, -0.194, -0.0248)",[ 3.587  -0.6273  0.25  ]
"(-0.0592, 0.3183, 0.4854, -0.1872, -0.0403)",[3.3403 1.2002 0.25  ]
"(0.3787, -0.4939, -0.2642, -0.1025, -0.4258)",[ 2.2505 -2.5522  0.25  ]
"(-0.4561, -0.4454, 0.1033, 0.2521, 0.2352)",[ 3.6344 -0.1283  0.25  ]
"(0.3654, -0.4955, 0.4341, -0.4534, -0.2251)",[ 3.263  -1.4689  0.25  ]
"(0.3781, 0.0517, -0.018, 0.2527, -0.4284)",[ 3.5109 -0.8233  0.25  ]
"(0.2729, -0.3173, 0.2208, 0.2301, -0.1961)",[ 3.5439 -0.6734  0.25  ]
"(-0.4361, 0.1129, -0.2465, 0.1812, 0.2626)",[3.5919 0.663  0.25  ]
"(-0.4803, -0.4112, 0.1508, 0.1443, 0.4576)",[3.5586 0.7351 0.25  ]
"(-0.4592, 0.2063, -0.2241, 0.445, 0.3866)",[3.2335 1.6015 0.25  ]
"(0.2384, -0.3349, 0.0656, 0.3365, -0.4753)",[ 3.1462 -1.6887  0.25  ]
"(0.0629, -0.1244, 0.4847, -0.1919, 0.2361)",[3.4414 1.1496 0.25  ]
"(-0.248, 0.0801, 0.1514, -0.1996, 0.1403)",[3.6056 0.6701 0.25  ]
"(0.1505, 0.4808, 0.0223, 0.1312, -0.1466)",[3.4503 0.9543 0.25  ]
"(-0.2643, -0.2409, -0.4398, 0.113, -0.4426)",[ 2.4396 -2.4255  0.25  ]
"(-0.4566, 0.1721, -0.2971, 0.0521, 0.1223)",[3.6304 0.1888 0.25  ]
"(-0.1236, -0.0399, 0.4605, 0.0917, 0.2699)",[3.1885 1.5978 0.25  ]
"(0.3498, 0.3367, -0.1126, 0.3053, -0.3337)",[3.5821 0.0305 0.25  ]
"(-0.4349, 0.1086, -0.5026, -0.0298, 0.2555)",[ 3.5396 -0.0099  0.25  ]
"(-0.4566, 0.1822, -0.3489, 0.1289, 0.1327)",[3.6285 0.1558 0.25  ]
"(-0.3736, 0.4071, -0.1329, 0.4866, -0.2123)",[3.5468 0.549  0.25  ]
"(-0.03, -0.4622, 0.1047, -0.1382, 0.2095)",[ 3.5924 -0.5357  0.25  ]
"(0.1751, 0.4913, -0.4597, 0.1776, -0.1173)",[3.6355 0.2024 0.25  ]
"(-0.0594, 0.3059, 0.4784, -0.1901, -0.3344)",[3.5515 0.3863 0.25  ]
"(0.4762, -0.3022, 0.35, 0.3632, -0.3831)",[ 3.3951 -0.6372  0.25  ]
"(0.1447, -0.4885, 0.3515, 0.1317, -0.2785)",[ 3.3782 -1.2503  0.25  ]
"(-0.0298, -0.3346, 0.2446, -0.2774, 0.0958)",[ 3.6202 -0.4809  0.25  ]
"(-0.1668, 0.0655, -0.2531, -0.3202, -0.2357)",[ 3.289  -1.3512  0.25  ]
"(-0.0745, -0.4737, 0.4761, 0.0756, 0.2865)",[3.5649 0.6626 0.25  ]
"(0.0629, -0.2749, 0.0737, -0.3955, -0.3152)",[ 2.9787 -1.9247  0.25  ]
"(-0.1264, -0.0445, 0.455, -0.2431, 0.2658)",[3.4056 1.2536 0.25  ]
"(-0.4053, 0.0876, -0.2311, -0.2782, 0.2461)",[3.5555 0.1917 0.25  ]
"(-0.4392, -0.4836, 0.0356, 0.4942, -0.2531)",[ 3.216  -1.5541  0.25  ]
"(0.3943, -0.2049, 0.4337, -0.1548, 0.3649)",[3.3154 1.3888 0.25  ]
"(-0.1785, 0.0476, -0.2826, -0.3431, 0.1378)",[ 3.5248 -0.4186  0.25  ]
"(-0.2508, -0.2125, 0.4271, -0.1638, 0.3578)",[3.4771 1.0848 0.25  ]
"(0.468, -0.0074, 0.2533, -0.0853, 0.3722)",[3.157  1.6812 0.25  ]
"(-0.3598, 0.2486, -0.4105, 0.27, -0.3606)",[ 3.4609 -1.1071  0.25  ]
"(0.1384, -0.0885, -0.2581, -0.0472, -0.2687)",[ 3.2865 -1.5205  0.25  ]
"(-0.4506, 0.1998, -0.0203, 0.4602, 0.3994)",[3.0266 1.8871 0.25  ]
"(-0.4598, 0.4749, 0.4777, 0.2495, -0.286)",[3.1641 1.1911 0.25  ]
"(-0.1878, 0.1719, -0.2396, 0.2278, -0.4674)",[ 3.3897 -1.3678  0.25  ]
"(0.3895, -0.479, 0.3596, -0.0892, -0.4093)",[ 3.093  -1.7856  0.25  ]
"(0.0609, 0.3826, 0.4536, 0.182, 0.0052)",[2.8538 1.7943 0.25  ]
"(-0.4089, -0.0831, -0.2132, -0.1101, 0.2066)",[ 3.5719 -0.278   0.25  ]
"(-0.4619, -0.0337, -0.3433, 0.0578, -0.2044)",[ 3.2631 -1.4237  0.25  ]
"(-0.4166, -0.0977, -0.2266, -0.2275, 0.1926)",[ 3.5058 -0.4535  0.25  ]
"(-0.3683, 0.4195, 0.4467, 0.4936, -0.199)",[2.9798 1.4118 0.25  ]
"(-0.4181, -0.0893, -0.4917, -0.2283, 0.2018)",[ 3.2792 -0.8525  0.25  ]
"(0.0505, -0.4201, 0.1614, -0.1756, -0.0009)",[ 3.536  -0.8899  0.25  ]
"(-0.4494, 0.4515, 0.4433, -0.1683, -0.0053)",[3.2059 1.4081 0.25  ]
"(-0.4123, 0.1929, 0.453, 0.2553, 0.4706)",[2.266 2.509 0.25 ]
"(-0.4474, 0.1012, 0.4486, -0.1646, 0.0023)",[3.5614 0.6067 0.25  ]
"(0.3563, -0.1717, 0.3788, -0.161, -0.2523)",[ 3.5898 -0.6162  0.25  ]
"(0.078, 0.0022, 0.0025, 0.003, 0.0021)",[3.6999 0.0516 0.25  ]
"(0.3811, 0.4045, 0.0652, -0.3934, -0.496)",[ 3.5488 -0.7272  0.25  ]
"(-0.1612, 0.0886, -0.232, -0.228, -0.2114)",[ 3.3716 -1.2345  0.25  ]
"(-0.2377, 0.0271, 0.4865, -0.1853, -0.2024)",[ 3.6374 -0.0753  0.25  ]
"(-0.028, 0.3999, 0.1903, 0.2556, 0.4899)",[2.1104 2.6505 0.25  ]
"(-0.3808, 0.2872, 0.0776, -0.1118, -0.0833)",[3.6385 0.2974 0.25  ]
"(0.2746, 0.4253, 0.4746, -0.3348, 0.2651)",[2.6088 2.224  0.25  ]
"(-0.1123, 0.1322, -0.3082, -0.3899, -0.0981)",[ 3.3476 -1.0759  0.25  ]
"(-0.4504, -0.4438, 0.107, 0.2543, 0.2057)",[ 3.6313 -0.2058  0.25  ]
"(-0.1756, -0.3528, 0.3969, 0.0563, 0.4473)",[3.4102 1.2519 0.25  ]
"(0.0167, -0.3812, 0.0462, -0.0113, -0.4817)",[ 2.7344 -2.2879  0.25  ]
"(0.2357, -0.1206, 0.4304, -0.4768, -0.3723)",[ 3.4575 -1.1043  0.25  ]
"(0.0357, -0.1006, -0.4996, 0.1731, 0.2476)",[ 3.6233 -0.0571  0.25  ]
"(-0.0318, 0.4225, 0.0214, -0.4704, 0.3131)",[3.2654 1.4617 0.25  ]
"(-0.1132, 0.2186, -0.4092, 0.2639, -0.2823)",[ 3.5733 -0.7995  0.25  ]
"(-0.4661, 0.0472, -0.3441, 0.0619, -0.2022)",[ 3.3578 -1.2486  0.25  ]
"(-0.3518, 0.4191, -0.4096, 0.273, -0.1015)",[3.6396 0.2168 0.25  ]
"(0.2827, -0.0525, -0.2124, -0.3621, -0.5025)",[ 2.7504 -2.1953  0.25  ]
"(-0.468, 0.4356, -0.2359, 0.3743, 0.1954)",[3.3087 1.4114 0.25  ]
"(-0.4107, 0.4922, 0.0436, -0.4842, 0.0514)",[3.4471 0.7661 0.25  ]
"(-0.3455, 0.1326, 0.2526, -0.2767, -0.1772)",[ 3.639  -0.2075  0.25  ]
"(0.268, 0.422, -0.3075, 0.4535, -0.3482)",[3.5656 0.0199 0.25  ]
"(-0.4482, -0.5043, 0.3246, -0.1522, 0.0762)",[ 3.5033 -0.7888  0.25  ]
"(-0.1152, -0.0962, -0.2654, -0.0563, -0.2759)",[ 3.1854 -1.6592  0.25  ]
"(-0.2773, -0.4152, 0.1245, -0.4247, 0.4251)",[ 3.5354 -0.0321  0.25  ]
"(0.2674, 0.1738, -0.2359, 0.2348, -0.0765)",[3.6553 0.1454 0.25  ]
"(-0.387, -0.496, 0.4649, -0.0922, 0.3629)",[3.5836 0.5231 0.25  ]
"(0.2408, -0.403, -0.1923, 0.436, 0.4668)",[3.5204 0.7147 0.25  ]
"(0.1012, -0.0886, 0.3921, -0.2164, -0.4692)",[ 3.4452 -1.1893  0.25  ]
"(-0.4201, -0.4725, 0.0971, -0.1436, 0.1978)",[ 3.4911 -0.7295  0.25  ]
"(0.0538, -0.4117, 0.17, -0.1681, 0.4471)",[3.6117 0.5623 0.25  ]
"(-0.2707, 0.3906, 0.0538, -0.4029, -0.5111)",[ 3.4358 -1.0331  0.25  ]
"(-0.2854, 0.1507, 0.0897, -0.4626, -0.3282)",[ 3.372  -1.1777  0.25  ]
"(-0.1696, 0.1793, 0.3199, -0.3903, -0.3009)",[ 3.6115 -0.4263  0.25  ]
"(-0.0548, 0.3149, 0.4856, -0.1832, -0.2658)",[3.5134 0.5954 0.25  ]
"(-0.2506, 0.1871, -0.4212, 0.1248, -0.424)",[ 3.2215 -1.6098  0.25  ]
"(0.1274, 0.3622, -0.1775, -0.2867, -0.308)",[ 3.582  -0.6832  0.25  ]
"(-0.1742, 0.2629, 0.084, 0.0097, 0.0924)",[3.5095 1.0272 0.25  ]
"(-0.1534, -0.266, -0.2667, 0.0615, 0.1042)",[ 3.4839 -0.9056  0.25  ]
"(-0.2663, 0.2377, 0.0575, 0.0569, -0.4421)",[ 3.5803 -0.7837  0.25  ]
"(0.4006, 0.1924, -0.0272, 0.4536, 0.3922)",[2.6914 2.1073 0.25  ]
"(-0.2025, 0.4059, 0.3957, -0.387, -0.3026)",[3.5799 0.1864 0.25  ]
"(0.2305, 0.153, -0.1967, -0.0362, 0.0927)",[3.662  0.3906 0.25  ]
"(0.3985, -0.4579, 0.4032, -0.174, 0.4513)",[3.4589 1.0348 0.25  ]
"(0.3383, -0.4188, -0.0167, 0.426, -0.1199)",[ 3.4767 -0.7948  0.25  ]
"(0.4012, -0.2765, -0.3859, 0.275, 0.2031)",[ 3.5866 -0.2523  0.25  ]
"(-0.4486, 0.177, -0.0633, 0.056, 0.1272)",[3.6103 0.6084 0.25  ]
"(-0.462, 0.4369, -0.3823, -0.1828, -0.0228)",[ 3.5567 -0.0254  0.25  ]
"(0.002, 0.1633, 0.4424, 0.0931, 0.5029)",[2.3804 2.4823 0.25  ]
"(-0.0464, 0.4483, 0.3674, 0.0655, 0.1391)",[2.7573 2.047  0.25  ]
"(0.4915, -0.0324, 0.1289, -0.2297, 0.4565)",[3.2666 1.5571 0.25  ]
"(0.0745, 0.0011, 0.26, -0.0829, 0.3829)",[3.2831 1.5703 0.25  ]
"(0.2931, -0.4617, -0.1911, 0.3425, 0.2976)",[ 3.598  -0.0324  0.25  ]
"(-0.1398, -0.4968, -0.1438, 0.1287, -0.5083)",[ 2.2763 -2.6109  0.25  ]
"(0.2466, 0.2429, 0.0621, 0.3331, -0.4365)",[ 3.5517 -0.2008  0.25  ]
"(0.3381, -0.1076, -0.126, 0.2961, 0.0018)",[3.6357 0.0746 0.25  ]
"(-0.2361, -0.4615, 0.4786, -0.1912, -0.4416)",[ 3.0166 -1.9125  0.25  ]
"(-0.0345, 0.0913, -0.3372, 0.2601, 0.4945)",[3.3601 1.4136 0.25  ]
"(0.0897, 0.1707, 0.3644, -0.3924, -0.3114)",[ 3.6334 -0.2693  0.25  ]
"(0.0284, -0.0334, 0.1255, -0.2371, 0.037)",[ 3.6871 -0.0565  0.25  ]
"(0.4502, 0.1335, -0.1136, -0.3611, -0.5081)",[ 3.2207 -1.6169  0.25  ]
"(-0.1335, -0.4859, -0.1353, 0.1326, -0.2063)",[ 2.9626 -1.9417  0.25  ]
"(-0.0376, 0.0765, -0.4928, 0.2471, 0.4771)",[3.4438 1.155  0.25  ]
"(-0.2392, 0.1977, -0.3328, 0.4762, 0.0179)",[3.6353 0.3801 0.25  ]
"(0.4154, 0.4333, -0.1876, 0.01, -0.3659)",[ 3.6173 -0.3264  0.25  ]
"(-0.1993, -0.0124, 0.245, 0.058, 0.0992)",[3.5988 0.715  0.25  ]
"(-0.1923, -0.4666, -0.3864, 0.2739, 0.3532)",[ 3.506  -0.5367  0.25  ]
"(0.444, 0.1343, -0.215, -0.366, -0.5057)",[ 3.1247 -1.7471  0.25  ]
"(0.1742, 0.0839, 0.1279, 0.2676, 0.4538)",[2.796  2.1363 0.25  ]
"(-0.3861, -0.4107, 0.4782, -0.0838, 0.3695)",[3.5554 0.7108 0.25  ]
"(0.2481, 0.2891, 0.4482, -0.4611, -0.3512)",[ 3.5984 -0.056   0.25  ]
"(-0.0498, -0.0762, 0.0712, -0.4717, -0.3445)",[ 3.1717 -1.6433  0.25  ]
"(0.1102, 0.3048, -0.2228, -0.0708, -0.3464)",[ 3.5907 -0.7596  0.25  ]
"(-0.3394, -0.4239, 0.1257, -0.1848, 0.1864)",[ 3.5423 -0.6089  0.25  ]
"(-0.4383, 0.1665, 0.3262, 0.2754, 0.4468)",[2.6154 2.2905 0.25  ]
"(-0.2211, -0.1083, 0.3709, -0.4342, -0.1479)",[ 3.5714 -0.6425  0.25  ]
"(0.33, 0.4332, -0.1064, 0.1045, -0.1171)",[3.5191 0.7817 0.25  ]
"(0.4808, -0.2938, 0.3572, 0.0482, 0.2159)",[3.4511 0.9088 0.25  ]
"(0.089, -0.3883, 0.0432, -0.0138, -0.4892)",[ 2.7807 -2.243   0.25  ]
"(0.3609, -0.2281, -0.1878, 0.1228, -0.3683)",[ 3.1511 -1.7333  0.25  ]
"(-0.0279, 0.4081, 0.0074, 0.1054, -0.0215)",[3.47   1.0514 0.25  ]
"(-0.1318, 0.1558, -0.1931, -0.0318, 0.0951)",[3.6719 0.2672 0.25  ]
"(-0.4003, 0.4154, -0.2171, -0.2691, 0.2666)",[3.4347 0.9481 0.25  ]
"(-0.472, 0.4297, -0.1079, 0.0993, -0.12)",[3.6108 0.4175 0.25  ]
"(-0.0193, 0.2462, -0.4641, 0.2744, 0.5061)",[3.274  1.5464 0.25  ]
"(0.0438, 0.1876, -0.0919, 0.2286, -0.303)",[ 3.6484 -0.4106  0.25  ]
"(-0.3827, 0.4816, 0.0331, -0.1148, -0.3188)",[ 3.6219 -0.0393  0.25  ]
"(0.1055, 0.3229, 0.2731, 0.3327, -0.4874)",[3.4717 0.1709 0.25  ]
"(-0.382, 0.1744, 0.4833, -0.0792, 0.385)",[2.8718 2.0375 0.25  ]
"(-0.1445, -0.0816, -0.1505, 0.1226, -0.5136)",[ 3.0649 -1.9339  0.25  ]
"(0.0967, 0.3124, -0.4373, 0.1834, -0.4678)",[ 3.4111 -1.262   0.25  ]
"(0.1648, 0.0834, 0.124, 0.1443, 0.0432)",[3.5418 0.8367 0.25  ]
"(-0.0337, -0.4721, 0.4571, -0.1373, 0.3083)",[3.6147 0.4869 0.25  ]
"(0.223, -0.4183, -0.207, 0.1319, 0.452)",[3.6077 0.3309 0.25  ]
"(-0.0328, -0.4735, 0.0993, -0.1437, -0.453)",[ 2.6077 -2.3723  0.25  ]
"(-0.4544, -0.2919, 0.4179, 0.0471, 0.2182)",[3.5908 0.5814 0.25  ]
"(0.0909, -0.2637, 0.376, -0.386, 0.1964)",[3.6521 0.1972 0.25  ]
"(-0.4109, -0.3423, 0.4571, 0.2583, 0.4758)",[3.1995 1.5755 0.25  ]
"(0.0404, -0.4236, 0.1584, -0.1802, 0.1559)",[ 3.626  -0.4301  0.25  ]
"(-0.3339, -0.2763, -0.2982, -0.1409, -0.3154)",[ 2.4894 -2.298   0.25  ]
"(-0.1863, -0.0455, 0.3235, -0.3056, -0.2157)",[ 3.5859 -0.709   0.25  ]
"(-0.1682, -0.0321, 0.1571, -0.0546, 0.1583)",[3.6444 0.5718 0.25  ]
"(-0.0397, -0.0647, 0.0833, -0.2279, -0.334)",[ 3.3667 -1.4086  0.25  ]
"(0.3802, -0.1177, 0.4926, -0.1868, 0.2421)",[3.3329 1.3054 0.25  ]
"(0.4071, 0.3606, -0.1794, -0.2891, -0.3095)",[ 3.598  -0.5586  0.25  ]
"(0.1644, 0.273, -0.2636, -0.2772, -0.0964)",[ 3.634 -0.311  0.25 ]
"(0.4873, -0.3917, 0.241, 0.124, -0.2931)",[ 3.4069 -1.0726  0.25  ]
"(-0.4026, 0.2723, -0.4787, -0.1272, -0.1373)",[ 3.4054 -0.9191  0.25  ]
"(-0.254, -0.343, 0.4176, 0.2501, -0.2037)",[ 3.5808 -0.4921  0.25  ]
"(0.1702, 0.0842, 0.1268, 0.1489, 0.0628)",[3.5109 0.9322 0.25  ]
"(0.2763, -0.0252, 0.0362, -0.1952, -0.3749)",[ 3.4422 -1.2479  0.25  ]
"(0.4363, 0.2662, -0.1939, 0.0046, 0.4363)",[3.1267 1.7805 0.25  ]
"(-0.382, -0.4141, 0.4767, -0.0823, 0.3751)",[3.5447 0.7608 0.25  ]
"(0.3511, 0.1995, -0.2933, 0.3335, -0.2589)",[ 3.5981 -0.4185  0.25  ]
"(-0.4528, 0.0549, -0.3348, 0.3746, -0.1952)",[ 3.5192 -0.9224  0.25  ]
"(0.3369, -0.1087, -0.1281, 0.2946, 0.4191)",[3.3449 1.3477 0.25  ]
"(0.3869, -0.4052, 0.0652, 0.3841, 0.4346)",[3.3966 1.0482 0.25  ]
"(-0.1897, -0.0204, 0.241, 0.1239, 0.0892)",[3.577  0.7704 0.25  ]
"(0.2638, 0.416, -0.3146, -0.3425, -0.3537)",[ 3.494  -0.9046  0.25  ]
"(0.3373, 0.3255, -0.1235, -0.4732, -0.3446)",[ 3.5056 -0.8807  0.25  ]
"(0.3951, 0.1884, -0.032, 0.0478, 0.3886)",[3.1003 1.8088 0.25  ]
"(0.2707, -0.0312, -0.2741, 0.2329, 0.3403)",[3.5579 0.8175 0.25  ]
"(-0.3472, -0.5026, 0.3971, -0.1535, -0.2225)",[ 3.237  -1.5345  0.25  ]
"(-0.0399, -0.4552, 0.4429, 0.2611, 0.4459)",[3.3201 1.3123 0.25  ]
"(-0.2149, -0.3133, -0.045, 0.1423, 0.3671)",[3.6487 0.3267 0.25  ]
"(0.308, 0.3963, 0.1755, 0.222, -0.3035)",[3.4294 0.6789 0.25  ]
"(0.2761, 0.0416, -0.278, 0.273, 0.2014)",[3.5851 0.6836 0.25  ]
"(0.1442, -0.0853, -0.0949, 0.0759, 0.114)",[3.6913 0.0506 0.25  ]
"(0.0077, -0.4881, 0.3522, -0.0971, -0.2783)",[ 3.2636 -1.5547  0.25  ]
"(0.3856, -0.4612, 0.398, -0.1531, -0.22)",[ 3.4125 -1.1653  0.25  ]
"(-0.4671, 0.4866, 0.4843, 0.2505, -0.2025)",[3.0882 1.3593 0.25  ]
"(-0.0444, 0.0838, -0.3281, -0.1108, -0.415)",[ 3.0842 -1.818   0.25  ]
"(-0.3901, 0.2874, -0.4657, -0.1184, -0.0809)",[ 3.4643 -0.7363  0.25  ]
"(-0.0286, -0.4682, 0.4592, 0.432, 0.3114)",[3.3438 1.0805 0.25  ]
"(-0.289, -0.0727, 0.0769, -0.4739, -0.3424)",[ 3.0771 -1.704   0.25  ]
"(-0.273, -0.4768, 0.0446, 0.5003, -0.2474)",[ 3.2768 -1.4501  0.25  ]
"(-0.3983, -0.4331, 0.4575, -0.3106, 0.0266)",[ 3.5378 -0.6452  0.25  ]
"(0.2361, -0.4628, 0.446, 0.087, -0.423)",[ 3.2508 -1.4733  0.25  ]
"(0.3448, -0.2269, 0.0611, -0.302, 0.1736)",[ 3.6457 -0.2189  0.25  ]
"(0.2854, -0.0396, -0.1923, -0.3522, 0.3001)",[3.6116 0.2242 0.25  ]
"(-0.4467, 0.1017, -0.497, 0.1715, 0.2519)",[3.5912 0.1756 0.25  ]
"(-0.0304, -0.4487, 0.4893, 0.2712, 0.451)",[3.2554 1.4132 0.25  ]
"(-0.2186, -0.3346, -0.0638, 0.1283, 0.0258)",[ 3.5765 -0.7549  0.25  ]
"(0.3107, 0.2774, -0.2144, -0.0666, 0.3683)",[3.3091 1.4996 0.25  ]
"(-0.1527, 0.1533, 0.4336, 0.0841, 0.4931)",[2.4549 2.4412 0.25  ]
"(-0.2032, -0.0221, 0.3868, 0.0678, -0.1923)",[ 3.6457 -0.0113  0.25  ]
"(0.0386, -0.4276, -0.0455, -0.1832, 0.0013)",[ 3.3367 -1.3024  0.25  ]
"(0.0943, 0.1905, 0.3795, -0.3832, -0.0879)",[3.6108 0.4513 0.25  ]
"(0.4065, -0.24, -0.2197, -0.049, 0.39)",[3.6123 0.3736 0.25  ]
"(0.1718, 0.2851, 0.2646, -0.2668, -0.0838)",[3.5803 0.6475 0.25  ]
"(-0.4158, -0.3439, 0.4557, -0.163, 0.4763)",[3.426  1.1453 0.25  ]
"(0.0465, -0.2834, -0.3952, 0.2617, 0.1978)",[ 3.5718 -0.5246  0.25  ]
"(-0.1418, -0.487, -0.1368, -0.1363, -0.2072)",[ 2.7153 -2.139   0.25  ]
"(-0.4507, -0.4406, 0.4892, 0.2595, 0.2391)",[3.5456 0.6043 0.25  ]
"(-0.1115, -0.0909, -0.0801, -0.0506, -0.271)",[ 3.4036 -1.3311  0.25  ]
"(-0.1277, 0.2253, -0.5035, 0.459, 0.2544)",[3.4913 0.9974 0.25  ]
"(-0.2394, -0.3929, 0.4848, -0.1876, -0.2017)",[ 3.4378 -1.1426  0.25  ]
"(-0.3905, -0.3846, 0.0725, 0.0905, 0.3463)",[3.6411 0.1342 0.25  ]
"(-0.1947, 0.3047, 0.3947, -0.1056, -0.3055)",[3.5881 0.2862 0.25  ]
"(-0.3977, 0.4072, -0.2231, -0.2737, -0.3426)",[ 3.4312 -0.9571  0.25  ]
"(-0.4051, -0.0278, -0.3094, -0.0921, 0.4926)",[3.5164 0.5389 0.25  ]
"(0.14, -0.0909, -0.2609, -0.0989, -0.2709)",[ 3.2562 -1.561   0.25  ]
"(0.4988, 0.0713, 0.0715, -0.488, -0.4589)",[ 3.2967 -1.4585  0.25  ]
"(0.3004, 0.1919, -0.0488, 0.0716, 0.1417)",[3.4934 1.0421 0.25  ]
"(0.1643, 0.1427, 0.263, -0.2661, -0.1675)",[3.6665 0.067  0.25  ]
"(-0.1879, 0.1568, -0.2725, 0.2193, -0.4829)",[ 3.3716 -1.405   0.25  ]
"(0.0399, 0.1851, -0.0974, 0.2208, -0.0937)",[3.6692 0.2153 0.25  ]
"(-0.2545, -0.2823, -0.3926, 0.2668, 0.1979)",[ 3.5421 -0.608   0.25  ]
"(-0.1371, -0.0245, -0.0252, -0.0028, -0.3741)",[ 3.4033 -1.3642  0.25  ]
"(0.1709, 0.179, 0.136, -0.1765, 0.2008)",[3.4632 1.1739 0.25  ]
"(-0.2583, -0.2731, -0.2747, 0.2753, 0.2067)",[ 3.605  -0.4103  0.25  ]
"(0.0002, 0.2625, -0.3172, -0.3965, -0.1078)",[ 3.497  -0.7133  0.25  ]
"(-0.4691, -0.4583, 0.0907, -0.1874, 0.1925)",[ 3.4578 -0.7715  0.25  ]
"(-0.3644, 0.4141, -0.4135, 0.2641, -0.2255)",[ 3.6341 -0.277   0.25  ]
"(-0.1615, 0.3273, 0.3166, -0.3146, -0.2223)",[3.6169 0.24   0.25  ]
"(0.3787, -0.0984, -0.2659, -0.1033, -0.4298)",[ 3.0411 -1.8913  0.25  ]
"(0.0349, 0.2032, -0.0167, -0.3861, -0.427)",[ 3.3784 -1.3117  0.25  ]
"(0.0795, 0.0083, 0.0074, 0.0747, -0.0215)",[3.6979 0.0071 0.25  ]
"(-0.3784, -0.0127, 0.2471, 0.2265, 0.3675)",[3.2108 1.636  0.25  ]
"(0.2599, -0.4708, 0.0994, -0.1111, 0.1992)",[ 3.6196 -0.3907  0.25  ]
"(0.2818, -0.3082, 0.4817, 0.1121, -0.1886)",[ 3.5671 -0.2769  0.25  ]
"(-0.0098, 0.4163, -0.0318, 0.4496, -0.3544)",[3.5209 0.3922 0.25  ]
"(-0.0339, 0.2491, 0.0707, 0.0033, -0.4914)",[ 3.578  -0.7895  0.25  ]
"(0.2619, -0.3271, 0.2122, 0.093, -0.2066)",[ 3.532  -0.8734  0.25  ]
"(-0.3286, -0.4826, 0.4471, 0.4964, -0.2524)",[ 3.4513 -0.7664  0.25  ]
"(0.1905, 0.1128, 0.5032, -0.006, 0.4325)",[2.5103 2.3408 0.25  ]
"(-0.3752, 0.4932, 0.0436, 0.382, 0.0529)",[3.1071 1.6338 0.25  ]
"(0.3334, -0.4935, 0.3277, -0.4794, -0.3545)",[ 2.9555 -1.9505  0.25  ]
"(-0.4517, 0.4414, -0.3766, -0.1739, -0.3796)",[ 3.348  -1.1388  0.25  ]
"(-0.0273, -0.4735, 0.2362, -0.4544, 0.0868)",[ 3.4196 -0.9993  0.25  ]
"(-0.3544, 0.4169, 0.4466, 0.4959, -0.2528)",[3.0235 1.3082 0.25  ]
"(-0.1249, 0.324, -0.265, 0.0648, -0.0462)",[3.6693 0.2467 0.25  ]
"(0.0697, -0.4554, 0.475, -0.0841, 0.3742)",[3.5315 0.8577 0.25  ]
"(0.3056, 0.2647, -0.4736, -0.1654, 0.345)",[3.5    0.8755 0.25  ]
"(0.1839, 0.0464, -0.282, -0.3396, 0.1357)",[ 3.5986 -0.2515  0.25  ]
"(-0.1546, 0.3374, -0.2352, -0.302, -0.2131)",[ 3.527  -0.7298  0.25  ]
"(0.0524, -0.2925, 0.3573, 0.3668, -0.3724)",[ 3.4651 -0.814   0.25  ]
"(0.2828, 0.1713, -0.3456, 0.0512, 0.4418)",[3.34   1.4307 0.25  ]
"(-0.2958, -0.0465, -0.2458, -0.2464, -0.0364)",[ 3.397  -1.0284  0.25  ]
"(0.2947, -0.4599, -0.1891, 0.3291, 0.2996)",[ 3.5985 -0.0824  0.25  ]
"(0.2768, 0.0773, 0.0769, -0.2228, -0.4529)",[ 3.4245 -1.2843  0.25  ]
"(0.3855, -0.2125, -0.4122, -0.1654, 0.3573)",[ 3.5523 -0.1726  0.25  ]
"(0.4007, 0.4166, -0.4854, 0.0523, 0.2277)",[3.4513 1.0546 0.25  ]
"(-0.0202, 0.2739, -0.4377, 0.1009, -0.2253)",[ 3.5687 -0.7777  0.25  ]
"(-0.2071, 0.2946, 0.3844, -0.3951, -0.3152)",[ 3.6079 -0.1045  0.25  ]
"(-0.062, 0.2504, -0.2114, -0.2286, 0.0816)",[3.6468 0.2524 0.25  ]
"(0.2379, -0.495, 0.4355, -0.4732, -0.3657)",[ 2.9857 -1.9179  0.25  ]
"(0.4953, -0.0478, 0.3224, -0.307, -0.218)",[ 3.6193 -0.3696  0.25  ]
"(0.3523, 0.0161, -0.2322, 0.4169, 0.0153)",[3.5969 0.2879 0.25  ]
"(-0.1994, 0.2971, 0.3868, -0.1137, -0.3127)",[3.5965 0.2368 0.25  ]
"(0.3394, -0.4846, 0.2257, 0.3173, -0.2845)",[ 3.3759 -1.074   0.25  ]
"(0.1844, 0.2569, -0.3233, 0.4862, -0.3533)",[ 3.5737 -0.4944  0.25  ]
"(-0.2552, -0.2782, -0.0978, 0.4334, -0.1183)",[ 3.5522 -0.8225  0.25  ]
"(0.3304, 0.4891, -0.4288, -0.1697, -0.228)",[ 3.6033 -0.3692  0.25  ]
"(-0.4409, 0.1599, 0.3232, 0.2767, -0.2518)",[3.5551 0.3917 0.25  ]
"(0.3791, -0.1294, 0.4736, -0.1932, -0.281)",[ 3.593  -0.3753  0.25  ]
"(0.3551, 0.1957, 0.2451, 0.3356, -0.2645)",[3.4207 0.5602 0.25  ]
"(-0.4484, -0.1284, 0.3302, 0.2677, 0.0822)",[3.5746 0.6134 0.25  ]
"(0.1925, 0.4575, 0.267, -0.0054, -0.1606)",[3.3404 1.1278 0.25  ]
"(-0.0961, 0.2434, -0.0066, 0.2839, -0.2571)",[3.6525 0.0193 0.25  ]
"(-0.3048, 0.1035, -0.4961, 0.4626, 0.3033)",[3.5668 0.6935 0.25  ]
"(-0.2395, -0.2021, 0.4385, 0.2652, -0.1824)",[ 3.6066 -0.1636  0.25  ]
"(-0.1673, -0.4013, -0.2707, 0.159, 0.1482)",[ 3.4565 -0.9428  0.25  ]
"(-0.0995, 0.2401, -0.3891, 0.2808, 0.4992)",[3.1963 1.7041 0.25  ]
"(-0.1973, -0.0364, 0.4612, 0.0937, 0.2731)",[3.2174 1.5605 0.25  ]
"(-0.0216, 0.0866, 0.0068, 0.3757, -0.0236)",[3.6041 0.5217 0.25  ]
"(-0.381, 0.2947, 0.0347, -0.1135, -0.3169)",[ 3.6161 -0.485   0.25  ]
"(-0.1678, 0.1895, 0.4183, -0.3825, -0.4207)",[ 3.5581 -0.6648  0.25  ]
"(-0.0296, 0.0741, -0.0063, 0.0632, -0.0355)",[3.6959 0.1351 0.25  ]
"(-0.4307, -0.467, -0.388, 0.2713, 0.3521)",[ 3.4358 -0.6843  0.25  ]
"(0.0923, 0.3208, 0.2678, -0.0179, -0.4901)",[ 3.5969 -0.266   0.25  ]
"(0.251, -0.482, 0.4485, 0.2074, -0.3523)",[ 3.3441 -1.1888  0.25  ]
"(-0.35, 0.2575, -0.4008, 0.4857, -0.3536)",[ 3.5362 -0.8494  0.25  ]
"(0.3093, 0.381, 0.1641, 0.1472, -0.3206)",[3.4816 0.5667 0.25  ]
"(-0.4533, 0.2133, -0.0078, -0.3801, -0.4159)",[ 3.2365 -1.4171  0.25  ]
"(-0.4556, 0.0876, 0.4362, -0.1693, -0.4117)",[ 3.5447 -0.6931  0.25  ]
"(0.4103, 0.2568, -0.2015, -0.0003, -0.3837)",[ 3.5721 -0.7421  0.25  ]
"(-0.2345, 0.0288, 0.4885, -0.1827, 0.1586)",[3.4488 1.092  0.25  ]
"(-0.1293, -0.025, -0.0235, -0.0011, -0.4357)",[ 3.3191 -1.5383  0.25  ]
"(-0.1746, 0.0497, 0.4593, 0.1487, -0.2001)",[3.563  0.3861 0.25  ]
"(-0.4061, -0.0975, 0.2046, -0.2323, 0.1315)",[3.6394 0.204  0.25  ]
"(-0.0444, -0.4566, 0.4424, 0.2605, -0.1862)",[ 3.5252 -0.71    0.25  ]
"(-0.1562, 0.3278, -0.2634, 0.065, -0.0414)",[3.6705 0.2016 0.25  ]
"(-0.2205, -0.0967, 0.3809, 0.057, -0.1361)",[ 3.6572 -0.0841  0.25  ]
"(-0.2144, 0.3781, -0.1022, -0.4612, 0.3582)",[3.318  1.2723 0.25  ]
"(0.2257, -0.4059, 0.1546, 0.1458, 0.4637)",[3.4879 1.0122 0.25  ]
"(-0.1876, -0.4219, -0.2913, -0.3496, 0.1281)",[ 3.0008 -1.4962  0.25  ]
"(0.0649, 0.1913, 0.4912, -0.4788, 0.1813)",[3.2984 1.3887 0.25  ]
"(-0.3875, 0.4892, 0.0385, -0.4927, 0.0497)",[3.4661 0.6845 0.25  ]
"(0.2753, -0.1999, -0.4189, -0.0068, -0.3907)",[ 2.7538 -2.1714  0.25  ]
"(0.3302, 0.4434, 0.0425, -0.3143, -0.1961)",[3.6099 0.3808 0.25  ]
"(0.2761, 0.0833, -0.2672, -0.2191, -0.4464)",[ 3.0475 -1.8755  0.25  ]
"(-0.1559, 0.1459, -0.0543, -0.2038, 0.0861)",[3.6613 0.2692 0.25  ]
"(-0.1354, -0.0247, -0.0251, -0.4455, -0.3743)",[ 3.0587 -1.7759  0.25  ]
"(-0.2688, 0.4077, 0.0656, -0.3969, 0.2687)",[3.3044 1.3598 0.25  ]
"(-0.2438, 0.1896, -0.3388, 0.4737, -0.4909)",[ 3.4164 -1.2311  0.25  ]
"(-0.2497, 0.327, -0.0912, 0.4399, -0.1131)",[3.5367 0.722  0.25  ]
"(-0.0405, -0.3917, 0.068, 0.0874, 0.3385)",[3.657  0.3012 0.25  ]
"(-0.4886, -0.3606, 0.0479, 0.1454, -0.3901)",[ 2.9256 -2.0261  0.25  ]
"(-0.4633, -0.185, -0.4048, 0.375, 0.1948)",[ 3.5764 -0.3942  0.25  ]
"(0.0652, -0.4663, 0.2455, -0.0966, 0.3641)",[3.6373 0.3979 0.25  ]
"(0.0793, -0.2774, 0.362, -0.4561, 0.183)",[3.6466 0.1022 0.25  ]
"(0.3446, -0.2363, -0.2153, -0.0514, 0.393)",[3.619  0.3525 0.25  ]
"(-0.1888, 0.1625, -0.2676, 0.1426, 0.093)",[3.6704 0.3026 0.25  ]
"(-0.0455, 0.2705, -0.1905, -0.033, 0.1019)",[3.6442 0.5146 0.25  ]
"(-0.2667, -0.4137, 0.126, 0.3755, 0.4265)",[3.5277 0.8669 0.25  ]
"(0.1984, -0.4566, 0.4834, 0.2634, 0.4432)",[3.1947 1.4557 0.25  ]
"(0.2013, 0.4473, 0.1354, 0.1431, 0.4882)",[2.1532 2.6321 0.25  ]
"(0.2726, -0.2985, 0.1521, -0.1985, -0.3783)",[ 3.1814 -1.7249  0.25  ]
"(-0.2542, -0.1942, -0.2739, 0.2759, 0.2055)",[ 3.65   -0.1408  0.25  ]
"(-0.3464, 0.2766, -0.4234, -0.4733, -0.3634)",[ 2.8875 -1.7118  0.25  ]
"(-0.2056, 0.2797, -0.047, 0.1435, 0.0421)",[3.5777 0.8039 0.25  ]
"(-0.201, 0.3866, -0.093, 0.146, 0.3663)",[3.047  1.9155 0.25  ]
"(0.48, -0.2957, 0.356, 0.0482, 0.1335)",[3.5199 0.6463 0.25  ]
"(-0.0461, -0.4676, -0.3244, 0.2524, 0.4332)",[ 3.587  -0.0831  0.25  ]
"(0.1122, 0.2543, 0.2655, 0.3281, -0.4963)",[ 3.4976 -0.0097  0.25  ]
"(-0.105, 0.01, 0.4996, -0.4718, 0.19)",[3.5023 0.8968 0.25  ]
"(0.3713, -0.208, -0.4076, -0.1868, 0.3617)",[ 3.5534 -0.1508  0.25  ]
"(0.3767, 0.3837, 0.4529, 0.2009, -0.236)",[3.0762 1.244  0.25  ]
"(-0.4403, 0.1853, -0.3434, 0.3737, 0.1347)",[3.621  0.4784 0.25  ]
"(-0.4902, -0.3724, 0.0372, 0.1365, -0.4821)",[ 2.7028 -2.2743  0.25  ]
"(0.3798, -0.4833, -0.3426, 0.3449, -0.2138)",[ 2.9511 -1.8588  0.25  ]
"(0.0531, -0.5033, -0.1422, 0.2104, 0.1861)",[ 3.5573 -0.6435  0.25  ]
"(-0.2431, 0.3297, -0.1498, -0.0693, 0.4795)",[3.1015 1.8406 0.25  ]
"(0.3995, -0.3261, -0.4939, 0.0479, 0.2027)",[ 3.4491 -0.7531  0.25  ]
"(-0.1982, -0.4755, -0.3959, 0.0448, 0.3449)",[ 3.3786 -0.8229  0.25  ]
"(0.3084, 0.2644, 0.4542, -0.1638, 0.3422)",[2.5641 2.2858 0.25  ]
"(0.4796, 0.1726, 0.1246, -0.2371, 0.456)",[3.0297 1.9137 0.25  ]
"(-0.3822, -0.0129, -0.4701, 0.227, 0.0176)",[ 3.5275 -0.7273  0.25  ]
"(0.2874, 0.1716, -0.347, 0.0552, 0.121)",[3.6389 0.4312 0.25  ]
"(-0.0411, -0.0686, 0.0816, 0.0122, -0.4788)",[ 3.3133 -1.5543  0.25  ]
"(0.4742, 0.4228, 0.4525, 0.5022, -0.2472)",[2.6489 1.4741 0.25  ]
"(0.1705, 0.0974, 0.2349, 0.2723, 0.4688)",[2.6352 2.2609 0.25  ]
"(0.0606, -0.2729, 0.2647, -0.3977, 0.0083)",[ 3.5856 -0.6469  0.25  ]
"(0.0296, -0.0377, 0.1228, -0.2361, -0.028)",[ 3.6817 -0.2237  0.25  ]
"(0.1851, 0.1326, 0.2528, -0.0163, -0.1771)",[3.6201 0.336  0.25  ]
"(-0.4199, 0.0678, 0.0475, -0.4931, -0.462)",[ 2.9627 -1.8176  0.25  ]
"(0.047, -0.019, 0.1719, -0.0435, 0.17)",[3.6029 0.7698 0.25  ]
"(-0.1648, 0.43, -0.2908, 0.4572, 0.1706)",[3.2694 1.4744 0.25  ]
"(0.3178, -0.0456, -0.2468, 0.222, -0.4346)",[ 3.2663 -1.5481  0.25  ]
"(-0.1857, -0.0449, 0.0836, -0.3049, -0.2152)",[ 3.4431 -1.1391  0.25  ]
"(0.2196, 0.4439, 0.0437, 0.143, -0.4761)",[ 3.5843 -0.0887  0.25  ]
"(-0.2095, -0.0134, 0.2462, 0.2254, 0.3668)",[3.1749 1.6957 0.25  ]
"(0.2706, 0.41, -0.4199, -0.0105, -0.3896)",[ 3.5297 -0.8713  0.25  ]
"(0.3697, 0.373, 0.4426, -0.0867, -0.2467)",[3.3096 1.0009 0.25  ]
"(0.3816, 0.3914, -0.0918, -0.0754, 0.373)",[3.0311 1.9037 0.25  ]
"(-0.3046, 0.3868, 0.1665, -0.3425, -0.1031)",[3.586  0.4325 0.25  ]
"(-0.1874, -0.0427, -0.3831, 0.0546, 0.3593)",[3.6118 0.2684 0.25  ]
"(-0.4447, 0.1795, -0.3494, 0.0831, 0.1289)",[3.6267 0.1445 0.25  ]
"(0.0095, -0.3876, 0.0725, 0.0926, 0.3423)",[3.6522 0.3576 0.25  ]
"(0.188, 0.1414, 0.5007, -0.0104, 0.4317)",[2.4966 2.3528 0.25  ]
"(-0.2502, -0.2172, 0.4255, -0.1619, -0.1987)",[ 3.59   -0.6805  0.25  ]
"(0.1098, 0.0112, 0.3999, -0.0991, -0.4591)",[ 3.5343 -0.8633  0.25  ]
"(0.319, 0.3079, -0.2206, -0.0676, 0.3572)",[3.259  1.5836 0.25  ]
"(-0.123, 0.3116, -0.2181, -0.0674, -0.3387)",[ 3.5621 -0.8446  0.25  ]
"(-0.0531, -0.2676, -0.0877, 0.4422, 0.1924)",[3.6415 0.2481 0.25  ]
"(-0.3414, 0.2897, -0.0313, -0.4605, -0.3505)",[ 3.3587 -1.1241  0.25  ]
"(-0.3874, -0.0092, -0.4303, 0.2274, -0.2486)",[ 3.2155 -1.5516  0.25  ]
"(0.482, -0.0354, 0.1252, -0.2338, -0.0358)",[ 3.6633 -0.0251  0.25  ]
"(0.1471, 0.0548, -0.0151, 0.2541, -0.4254)",[ 3.5303 -0.9117  0.25  ]
"(-0.0292, -0.0422, -0.3211, -0.1002, 0.2781)",[3.6287 0.0998 0.25  ]
"(-0.2406, -0.3409, -0.3329, 0.4785, -0.4843)",[ 2.6547 -2.3013  0.25  ]
"(-0.3564, 0.2581, -0.3222, -0.4032, -0.1117)",[ 3.369  -0.8765  0.25  ]
"(-0.2715, 0.0938, 0.0542, -0.4039, -0.4474)",[ 3.2186 -1.5551  0.25  ]
"(0.0517, 0.276, 0.1756, -0.166, 0.1757)",[3.3768 1.347  0.25  ]
"(-0.0369, -0.048, -0.3283, -0.108, 0.2725)",[3.6252 0.0143 0.25  ]
"(-0.0136, 0.4157, -0.4732, 0.4457, -0.3541)",[ 3.6015 -0.4123  0.25  ]
"(0.4771, -0.0052, 0.2553, 0.2331, 0.3745)",[2.8928 1.8984 0.25  ]
"(0.2885, -0.3476, 0.4026, 0.0632, 0.4522)",[3.2642 1.4646 0.25  ]
"(0.31, 0.0431, -0.0277, -0.1834, -0.2065)",[ 3.6178 -0.6589  0.25  ]
"(-0.4518, -0.1456, 0.3146, 0.2661, 0.0647)",[3.5732 0.6109 0.25  ]
"(0.2783, -0.4776, 0.4527, 0.5033, -0.2478)",[ 3.3974 -0.452   0.25  ]
"(-0.3873, 0.0775, -0.4728, 0.1665, -0.1323)",[ 3.4261 -1.069   0.25  ]
"(0.2953, 0.0346, -0.2272, -0.0801, 0.3558)",[3.565  0.8304 0.25  ]
"(-0.179, 0.0402, -0.3492, 0.1403, -0.2096)",[ 3.4816 -1.0874  0.25  ]
"(-0.4396, 0.0979, 0.4493, -0.1625, -0.003)",[3.5506 0.6541 0.25  ]
"(-0.0374, 0.3911, -0.347, 0.2512, 0.4815)",[2.9231 2.0723 0.25  ]
"(0.0538, 0.337, 0.1259, 0.1391, 0.1775)",[3.0897 1.7595 0.25  ]
"(-0.0253, -0.0321, -0.3423, 0.2571, 0.488)",[3.4664 1.143  0.25  ]
"(-0.2114, -0.0285, -0.3383, 0.0624, -0.1987)",[ 3.3544 -1.3369  0.25  ]
"(0.0661, -0.2758, 0.4553, 0.1819, 0.0035)",[3.5793 0.3736 0.25  ]
"(0.4033, 0.4141, 0.4225, 0.0542, 0.2237)",[2.3594 2.2962 0.25  ]
"(0.1394, -0.0071, 0.2533, 0.2339, 0.3727)",[3.02   1.8531 0.25  ]
"(-0.128, 0.2766, -0.4916, 0.4704, 0.2654)",[3.4421 1.1333 0.25  ]
"(0.2857, 0.4308, 0.4599, 0.5077, -0.2387)",[2.7064 1.5005 0.25  ]
"(-0.1196, 0.2371, -0.1354, 0.0721, 0.1984)",[3.553  0.9457 0.25  ]
"(0.3824, -0.1184, 0.4824, -0.1875, 0.2416)",[3.3361 1.2998 0.25  ]
"(0.0344, -0.4176, 0.1328, -0.1764, 0.1922)",[ 3.6271 -0.3965  0.25  ]
"(-0.1584, 0.2862, -0.2335, -0.4656, -0.2112)",[ 3.3815 -1.0097  0.25  ]
"(0.3981, -0.4981, 0.4022, -0.1469, -0.2183)",[ 3.3973 -1.1881  0.25  ]
"(-0.119, 0.3325, -0.1373, 0.0715, 0.1938)",[3.4509 1.21   0.25  ]
"(-0.4526, -0.3526, -0.2941, -0.1662, -0.3624)",[ 2.1729 -2.4666  0.25  ]
"(-0.4116, -0.3755, -0.3259, -0.1036, 0.1317)",[ 3.182  -1.2851  0.25  ]
"(-0.1337, 0.1876, -0.1412, 0.0726, -0.113)",[ 3.6922 -0.0946  0.25  ]
"(-0.2489, -0.3383, -0.2901, 0.4769, -0.4775)",[ 2.6699 -2.292   0.25  ]
"(-0.4039, 0.2741, 0.4446, 0.493, -0.3563)",[3.3341 0.6628 0.25  ]
"(0.3436, -0.2265, -0.2093, -0.3031, 0.4045)",[3.5856 0.0657 0.25  ]
"(0.3755, -0.0274, -0.3386, -0.4917, 0.2842)",[ 3.5004 -0.2703  0.25  ]
"(0.4474, -0.0962, -0.1059, -0.3555, 0.1036)",[ 3.6179 -0.3141  0.25  ]
"(0.0905, 0.3209, 0.1422, -0.0188, -0.4867)",[ 3.605  -0.5126  0.25  ]
"(-0.3449, -0.4769, 0.0435, 0.504, -0.2472)",[ 3.2683 -1.4623  0.25  ]
"(-0.2248, 0.1051, 0.2448, 0.2853, 0.1645)",[3.3133 1.3779 0.25  ]
"(-0.1862, 0.1667, -0.2646, -0.3485, 0.0975)",[ 3.5699 -0.2147  0.25  ]
"(0.1816, 0.2584, -0.3237, 0.4837, 0.0294)",[3.5304 0.7173 0.25  ]
"(-0.0378, 0.1776, 0.167, 0.2158, -0.312)",[ 3.6302 -0.0249  0.25  ]
"(-0.0634, 0.4271, 0.1569, 0.0461, 0.1178)",[3.0932 1.7412 0.25  ]
"(0.3585, -0.4449, -0.4148, -0.1932, -0.0863)",[ 2.7755 -1.9536  0.25  ]
"(-0.1283, 0.4009, -0.2307, -0.274, -0.3478)",[ 3.507  -0.8824  0.25  ]
"(-0.1905, -0.0558, -0.3937, -0.4917, -0.2169)",[ 2.7475 -1.858   0.25  ]
"(0.4452, 0.0535, -0.0155, -0.1739, -0.1971)",[ 3.6313 -0.5078  0.25  ]
"(-0.01, 0.4367, -0.106, 0.1015, 0.4981)",[2.6589 2.351  0.25  ]
"(0.232, 0.3284, -0.1922, -0.0343, 0.0997)",[3.5682 0.8273 0.25  ]
"(-0.4001, 0.4135, -0.128, 0.2644, -0.2056)",[3.626  0.3005 0.25  ]
"(-0.1089, 0.1954, 0.4954, -0.4763, 0.187)",[3.3252 1.3181 0.25  ]
"(-0.0737, -0.1968, -0.2763, 0.2746, 0.2029)",[ 3.6608 -0.0792  0.25  ]
"(-0.3582, -0.0029, -0.0031, -0.0037, -0.0027)",[ 3.6727 -0.1915  0.25  ]
"(0.3965, 0.1944, -0.2951, 0.3359, -0.4859)",[ 3.4407 -1.0436  0.25  ]
"(-0.1183, -0.0952, -0.0264, -0.0535, -0.2745)",[ 3.4317 -1.2797  0.25  ]
"(0.1472, -0.388, 0.0124, 0.1251, -0.1605)",[ 3.4333 -1.2066  0.25  ]
"(-0.1543, 0.3403, -0.1404, -0.0504, -0.0301)",[3.659  0.3167 0.25  ]
"(-0.1567, -0.0203, -0.2896, 0.4587, 0.1692)",[3.6438 0.3776 0.25  ]
"(-0.4637, 0.1666, -0.3634, 0.1161, 0.1171)",[3.6302 0.1212 0.25  ]
"(-0.013, 0.1415, -0.1177, 0.0746, 0.4798)",[3.1602 1.8058 0.25  ]
"(0.3103, 0.2649, -0.3826, -0.0707, -0.2663)",[ 3.5563 -0.7941  0.25  ]
"(0.0342, -0.043, 0.1483, -0.1889, 0.1457)",[3.6593 0.4802 0.25  ]
"(0.0805, -0.0051, -0.0023, -0.0004, -0.036)",[ 3.6999 -0.0457  0.25  ]
"(-0.402, 0.2708, 0.4604, -0.2886, 0.0313)",[3.3864 1.1072 0.25  ]
"(-0.3895, -0.2519, -0.2221, -0.0526, 0.3883)",[ 3.5699 -0.0388  0.25  ]
"(-0.4106, 0.5027, 0.0624, -0.4788, -0.4475)",[ 3.4317 -0.8127  0.25  ]
"(0.0915, -0.268, 0.3683, 0.4422, 0.1915)",[3.3373 1.084  0.25  ]
"(0.2609, 0.0641, 0.0636, -0.4949, -0.4657)",[ 3.2253 -1.6039  0.25  ]
"(-0.4429, 0.1872, -0.2824, 0.137, 0.1367)",[3.6335 0.3269 0.25  ]
"(-0.4407, 0.1623, 0.3249, 0.2776, -0.4991)",[ 3.549  -0.4496  0.25  ]
"(-0.4599, 0.0475, -0.0228, -0.1834, -0.2022)",[ 3.4735 -0.9793  0.25  ]
"(-0.4706, 0.1449, 0.4243, 0.0734, 0.4853)",[2.6233 2.301  0.25  ]
"(0.0238, -0.0528, 0.1075, -0.2509, -0.0525)",[ 3.6754 -0.2995  0.25  ]
"(0.0475, 0.1006, 0.0302, 0.0691, 0.1405)",[3.5856 0.8339 0.25  ]
"(0.0816, 0.0823, 0.0024, 0.0715, -0.0261)",[3.6854 0.2253 0.25  ]
"(0.1844, 0.2901, -0.4592, 0.181, -0.0305)",[3.657  0.0512 0.25  ]
"(0.3718, -0.0377, 0.1689, -0.4975, 0.2718)",[3.5808 0.6656 0.25  ]
"(-0.1269, 0.4108, -0.219, -0.0721, -0.3366)",[ 3.5985 -0.6501  0.25  ]
"(-0.3323, -0.2773, -0.2973, -0.1373, -0.3674)",[ 2.4356 -2.3577  0.25  ]
"(-0.4436, 0.1877, -0.0233, 0.1378, 0.1375)",[3.5695 0.8051 0.25  ]
"(0.1103, -0.4045, 0.1345, 0.3833, 0.4357)",[3.4457 1.0435 0.25  ]
"(-0.2266, 0.4241, -0.1148, 0.2755, -0.2168)",[3.6144 0.4012 0.25  ]
"(0.1588, -0.4363, 0.1143, -0.1937, 0.1738)",[ 3.6209 -0.4324  0.25  ]
"(-0.4213, -0.4708, -0.1412, 0.078, 0.2894)",[ 3.4987 -0.6332  0.25  ]
"(-0.17, 0.3235, -0.1573, -0.0776, 0.474)",[3.1209 1.8235 0.25  ]
"(-0.3886, 0.2772, 0.2365, 0.1353, 0.0376)",[3.3864 1.2017 0.25  ]
"(-0.0392, -0.4756, 0.4528, 0.2057, 0.3052)",[3.4979 0.8399 0.25  ]
"(-0.1057, 0.4312, 0.3807, -0.43, -0.1385)",[3.4917 0.7643 0.25  ]
"(-0.4194, -0.1014, -0.5003, -0.1213, 0.1889)",[ 3.3417 -0.8147  0.25  ]
"(-0.189, -0.0404, -0.3836, -0.4869, 0.1813)",[ 3.2764 -0.8331  0.25  ]
"(-0.0512, -0.4716, 0.4178, 0.2478, -0.2009)",[ 3.5159 -0.7578  0.25  ]
"(-0.0401, -0.3263, 0.4349, 0.2672, -0.1869)",[ 3.5799 -0.3186  0.25  ]
"(0.4864, 0.1768, 0.3365, 0.2868, 0.4566)",[2.1934 2.4352 0.25  ]
"(-0.1134, 0.1859, -0.3029, 0.3259, -0.4939)",[ 3.4068 -1.3057  0.25  ]
"(0.2949, -0.0145, 0.1673, -0.1798, -0.3657)",[ 3.5376 -0.9583  0.25  ]
"(0.3415, -0.0344, -0.2335, 0.414, 0.0192)",[3.6143 0.1057 0.25  ]
"(0.2789, 0.0568, -0.2751, 0.2725, 0.2978)",[3.5161 0.9532 0.25  ]
"(0.1661, 0.0911, 0.1303, 0.1512, 0.4613)",[2.914  2.0592 0.25  ]
"(-0.3098, 0.0977, -0.5036, -0.2529, 0.2987)",[ 3.4649 -0.1597  0.25  ]
"(-0.389, 0.2844, -0.4648, 0.1735, -0.1229)",[ 3.5774 -0.5678  0.25  ]
"(0.068, -0.2715, 0.4594, -0.0528, 0.0077)",[3.6511 0.1166 0.25  ]
"(-0.3833, -0.014, 0.0073, 0.226, 0.0162)",[3.6777 0.1587 0.25  ]
"(0.3546, 0.1876, -0.3022, 0.3283, -0.4925)",[ 3.4294 -1.1053  0.25  ]
"(0.1169, -0.1096, -0.1202, -0.3697, 0.0909)",[ 3.565  -0.5736  0.25  ]
"(-0.1202, 0.3214, -0.1454, 0.0677, -0.0503)",[3.6411 0.5105 0.25  ]
"(0.2587, -0.4673, 0.103, -0.1364, 0.2025)",[ 3.6188 -0.3929  0.25  ]
"(-0.1912, 0.3559, 0.3877, -0.3885, -0.3149)",[3.5949 0.0994 0.25  ]
"(-0.2528, 0.1836, 0.415, -0.0513, -0.427)",[ 3.5985 -0.3575  0.25  ]
"(0.0434, 0.1138, -0.4855, 0.1857, 0.2633)",[3.6168 0.4887 0.25  ]
"(-0.4203, 0.4943, 0.0521, -0.4894, 0.0552)",[3.457  0.7026 0.25  ]
"(-0.4565, 0.4884, 0.4876, 0.2554, 0.2393)",[2.2502 2.3807 0.25  ]
"(-0.0917, -0.4684, 0.4735, -0.1939, -0.4494)",[ 3.0583 -1.8699  0.25  ]
"(0.3449, -0.4726, 0.2363, -0.4477, -0.2719)",[ 3.0208 -1.8555  0.25  ]
"(-0.4643, -0.0222, -0.0232, -0.3876, -0.4316)",[ 2.8861 -1.9303  0.25  ]
"(0.3698, -0.486, -0.3483, -0.4998, 0.2745)",[ 3.0501 -1.3006  0.25  ]
"(0.3306, 0.3705, -0.4215, -0.1642, -0.2184)",[ 3.5587 -0.68    0.25  ]
"(0.1412, -0.4998, 0.0108, 0.1204, -0.2895)",[ 3.0763 -1.8342  0.25  ]
"(0.0853, -0.3866, 0.1408, -0.0199, -0.4862)",[ 2.8602 -2.1623  0.25  ]
"(-0.3416, -0.2062, -0.4044, -0.1831, 0.3637)",[ 3.4252 -0.4427  0.25  ]
"(-0.3097, 0.1103, -0.2094, -0.2597, 0.2699)",[3.5746 0.3057 0.25  ]
"(-0.3033, 0.3883, 0.1673, 0.0573, -0.1029)",[3.4941 0.8984 0.25  ]
"(-0.47, 0.4263, -0.4921, 0.3689, -0.124)",[3.6235 0.0172 0.25  ]
"(-0.0325, -0.0379, -0.3177, -0.0973, 0.482)",[3.5472 0.7312 0.25  ]
"(-0.0147, 0.1583, 0.418, 0.0472, 0.2184)",[3.0341 1.7997 0.25  ]
"(0.2915, 0.273, -0.4372, 0.1815, -0.4669)",[ 3.3772 -1.3084  0.25  ]
"(0.287, -0.0372, -0.2369, 0.2333, -0.4275)",[ 3.3109 -1.4735  0.25  ]
"(-0.2903, 0.343, 0.1331, 0.3731, 0.1828)",[2.9833 1.846  0.25  ]
"(-0.4712, -0.5024, -0.1527, 0.2378, -0.2217)",[ 2.8859 -1.9881  0.25  ]
"(0.0598, -0.4822, -0.1227, 0.2745, 0.2078)",[ 3.5846 -0.5144  0.25  ]
"(0.0392, -0.2023, -0.4927, -0.2615, 0.1262)",[ 3.2208 -1.1887  0.25  ]
"(-0.4059, 0.2787, 0.4477, 0.4958, 0.4887)",[1.8381 2.646  0.25  ]
"(-0.1676, 0.2766, -0.4937, 0.4642, 0.2685)",[3.4698 1.0605 0.25  ]
"(0.3591, -0.4975, -0.3582, -0.5065, -0.2269)",[ 2.1181 -2.3993  0.25  ]
"(-0.4514, 0.1827, -0.1293, 0.3687, 0.1837)",[3.509  0.9876 0.25  ]
"(0.4878, -0.2861, 0.3652, 0.3707, 0.1433)",[3.3109 0.9448 0.25  ]
"(0.18, 0.2525, -0.4072, 0.4836, -0.3578)",[ 3.556  -0.6268  0.25  ]
"(-0.2399, 0.0596, 0.4696, 0.16, -0.1908)",[3.558  0.4123 0.25  ]
"(-0.4085, 0.466, 0.4459, 0.494, 0.4874)",[1.4038 2.7552 0.25  ]
"(-0.0256, 0.0019, 0.4622, 0.0932, -0.4181)",[ 3.5701 -0.3628  0.25  ]
"(-0.0977, 0.4266, 0.3762, -0.4338, -0.143)",[3.4981 0.744  0.25  ]
"(0.0052, 0.2653, -0.3142, -0.2562, -0.1051)",[ 3.5719 -0.5748  0.25  ]
"(-0.0386, 0.0745, -0.0061, 0.0958, -0.0353)",[3.6923 0.173  0.25  ]
"(-0.4584, -0.4463, 0.1038, -0.0197, 0.2035)",[ 3.5587 -0.5385  0.25  ]
"(0.2406, 0.2818, -0.0379, -0.4672, -0.3584)",[ 3.5034 -0.9334  0.25  ]
"(0.068, 0.1943, 0.4927, 0.3601, 0.2449)",[2.4801 2.1654 0.25  ]
"(0.0615, -0.2861, -0.1265, 0.2724, 0.2046)",[ 3.6635e+00 -2.8000e-03  2.5000e-01]
"(-0.2374, 0.3435, -0.0172, 0.4534, 0.4931)",[2.4499 2.455  0.25  ]
"(0.1792, 0.183, 0.1433, 0.1627, 0.0623)",[3.4374 1.1038 0.25  ]
"(0.3931, 0.1465, 0.4076, 0.04, 0.2058)",[2.8765 1.8844 0.25  ]
"(-0.1851, 0.2534, 0.0722, -0.2295, 0.0842)",[3.5943 0.6899 0.25  ]
"(0.2778, -0.4769, -0.2069, -0.3642, 0.2805)",[ 3.3675 -0.889   0.25  ]
"(0.0649, 0.4607, -0.4003, 0.2274, -0.0884)",[3.626  0.4017 0.25  ]
"(-0.2523, 0.0517, -0.0181, -0.1776, -0.1984)",[ 3.5457 -0.874   0.25  ]
"(0.0931, -0.0116, -0.4509, -0.119, -0.482)",[ 2.7132 -2.2164  0.25  ]
"(-0.2631, 0.1202, 0.5098, -0.0015, 0.4402)",[2.6809 2.2388 0.25  ]
"(0.395, -0.3297, -0.4989, 0.043, 0.3798)",[ 3.5305 -0.2357  0.25  ]
"(-0.1726, -0.4268, -0.4962, 0.4651, 0.2628)",[ 3.4739 -0.6793  0.25  ]
"(-0.2744, 0.2379, 0.0569, -0.3976, -0.4415)",[ 3.3666 -1.2542  0.25  ]
"(0.4007, 0.4048, -0.3347, 0.266, 0.4944)",[2.6933 2.2405 0.25  ]
"(0.2258, 0.1714, -0.069, 0.0509, 0.1219)",[3.5564 0.8854 0.25  ]
"(-0.4997, -0.3813, -0.5099, 0.1289, -0.4108)",[ 2.0231 -2.5771  0.25  ]
"(0.3423, -0.4126, -0.0105, 0.4316, -0.1938)",[ 3.4281 -0.9603  0.25  ]
"(-0.4751, 0.4654, -0.1545, 0.235, -0.224)",[3.6136 0.3048 0.25  ]
"(0.2624, 0.0567, 0.1063, -0.1059, 0.2085)",[3.5379 0.9706 0.25  ]
"(-0.4265, 0.1244, -0.2359, -0.0153, 0.274)",[3.5913 0.4973 0.25  ]
"(-0.2586, -0.2235, -0.425, 0.1231, -0.3629)",[ 2.645  -2.2456  0.25  ]
"(0.1608, 0.1631, 0.1227, -0.1847, 0.0432)",[3.6134 0.6688 0.25  ]
"(0.0916, 0.304, -0.4464, -0.1163, -0.4757)",[ 3.2122 -1.6037  0.25  ]
"(-0.4117, -0.3483, 0.4535, -0.1642, 0.3407)",[3.5501 0.7333 0.25  ]
"(-0.1649, 0.3069, 0.4778, -0.1901, -0.2734)",[3.5231 0.5556 0.25  ]
"(-0.1194, 0.4192, -0.1095, -0.4405, 0.1695)",[3.4745 0.9021 0.25  ]
"(0.1662, -0.1696, -0.4787, 0.1638, -0.0512)",[ 3.4016 -1.1462  0.25  ]
"(-0.0197, 0.097, 0.4689, 0.0999, -0.4131)",[ 3.5649 -0.0707  0.25  ]
"(-0.4117, 0.276, 0.4449, -0.3368, -0.3537)",[ 3.5725 -0.2749  0.25  ]
"(-0.1101, 0.256, 0.2657, 0.3253, -0.4937)",[ 3.5397 -0.1195  0.25  ]
"(0.3409, 0.4526, 0.053, 0.4318, -0.1857)",[3.1986 1.1557 0.25  ]
"(0.3339, 0.0125, -0.2366, 0.3001, 0.0154)",[3.6438 0.0816 0.25  ]
"(0.0525, -0.2839, -0.1052, -0.4895, -0.3233)",[ 2.6513 -2.1744  0.25  ]
"(-0.2437, 0.0877, 0.4771, -0.1942, 0.1495)",[3.403  1.1934 0.25  ]
"(-0.1732, 0.178, 0.3367, 0.1579, 0.1477)",[3.2292 1.5151 0.25  ]
"(0.2267, 0.2046, -0.0149, 0.2534, -0.4257)",[ 3.5853 -0.5232  0.25  ]
"(-0.0242, -0.0432, -0.3208, -0.0976, 0.1856)",[ 3.6276 -0.1935  0.25  ]
"(-0.1857, -0.0153, 0.244, 0.1225, -0.2848)",[ 3.6371 -0.4624  0.25  ]
"(0.2697, -0.4769, 0.2223, -0.4652, 0.2835)",[ 3.5924 -0.2552  0.25  ]
"(0.0517, -0.2862, 0.4419, -0.1924, -0.0049)",[ 3.6632 -0.111   0.25  ]
"(0.0602, 0.3375, 0.129, 0.1399, -0.0126)",[3.3608 1.2451 0.25  ]
"(0.2323, 0.0963, 0.4459, 0.0839, -0.402)",[ 3.5431 -0.0688  0.25  ]
"(0.0414, -0.1982, 0.0191, 0.0619, 0.1314)",[3.6925 0.0222 0.25  ]
"(-0.4538, -0.0217, -0.0219, -0.0024, -0.4317)",[ 3.2184 -1.6417  0.25  ]
"(-0.3188, 0.1007, -0.5006, -0.2536, 0.2615)",[ 3.4467 -0.2817  0.25  ]
"(0.3322, -0.2501, -0.2283, -0.3201, 0.1502)",[ 3.4947 -0.734   0.25  ]
"(-0.1734, 0.0718, -0.2494, -0.4788, -0.2276)",[ 3.1172 -1.5113  0.25  ]
"(0.2867, -0.0291, -0.4482, 0.1742, -0.4809)",[ 2.9894 -1.9505  0.25  ]
"(-0.4761, 0.4199, -0.4998, 0.3613, 0.0402)",[3.5807 0.5273 0.25  ]
"(0.0931, 0.3233, 0.222, -0.0162, -0.4871)",[ 3.6035 -0.3418  0.25  ]
"(-0.0234, -0.2985, 0.4122, 0.0445, 0.21)",[3.5485 0.8117 0.25  ]
"(0.4535, 0.1454, -0.1041, -0.3542, 0.1055)",[3.6364 0.3076 0.25  ]
"(-0.4895, -0.3637, 0.1543, 0.1421, 0.4674)",[3.5509 0.7771 0.25  ]
"(-0.1699, 0.1766, -0.2526, 0.235, 0.1062)",[3.6516 0.4773 0.25  ]
"(-0.319, -0.0828, 0.0676, -0.001, -0.4927)",[ 3.1949 -1.7302  0.25  ]
"(-0.1291, 0.3132, -0.2164, -0.0658, -0.3371)",[ 3.561  -0.8457  0.25  ]
"(0.0761, 0.1943, 0.4946, 0.0538, 0.1841)",[2.9126 1.8766 0.25  ]
"(0.2391, -0.4663, 0.4449, 0.0873, -0.4085)",[ 3.2687 -1.431   0.25  ]
"(-0.0356, 0.2615, 0.0814, 0.0115, 0.0915)",[3.4858 1.0932 0.25  ]
"(0.3579, -0.2243, -0.1861, 0.1216, -0.2634)",[ 3.3017 -1.4657  0.25  ]
"(-0.0155, 0.4215, -0.2988, 0.4507, 0.1616)",[3.2554 1.4804 0.25  ]
"(-0.1915, -0.2749, 0.2448, 0.0567, 0.0926)",[3.6805 0.0748 0.25  ]
"(0.1592, 0.0836, 0.1214, 0.1946, 0.4551)",[2.91   2.0503 0.25  ]
"(-0.4591, -0.4529, 0.0968, -0.1138, 0.1974)",[ 3.5112 -0.6637  0.25  ]
"(0.3877, 0.1772, -0.5024, 0.0372, 0.3775)",[3.4601 1.0457 0.25  ]
"(-0.4293, -0.473, -0.3933, 0.2659, 0.2374)",[ 3.34   -1.0123  0.25  ]
"(0.1642, 0.1421, 0.26, -0.2724, -0.0871)",[3.6568 0.2783 0.25  ]
"(0.3916, -0.452, 0.4061, -0.1463, 0.4589)",[3.4644 1.0194 0.25  ]
"(0.337, 0.2142, -0.215, 0.4521, 0.3938)",[2.9478 1.9034 0.25  ]
"(0.2792, -0.2885, 0.3618, -0.1876, -0.3687)",[ 3.3818 -1.3244  0.25  ]
"(-0.4623, 0.4421, -0.3985, 0.3798, 0.2023)",[3.3958 1.2128 0.25  ]
"(-0.2082, -0.3142, -0.0442, 0.1449, 0.0456)",[ 3.582  -0.7314  0.25  ]
"(-0.4386, 0.2273, -0.503, -0.0336, 0.2575)",[3.5428 0.2365 0.25  ]
"(0.0645, -0.2711, -0.0911, -0.3928, -0.3114)",[ 2.7895 -2.0879  0.25  ]
"(0.4582, 0.4292, -0.1064, -0.3548, 0.102)",[3.4779 0.9851 0.25  ]
"(-0.4231, 0.4515, 0.4302, 0.2512, 0.4724)",[1.7345 2.7422 0.25  ]
"(-0.1715, 0.1718, 0.3139, -0.3938, -0.4392)",[ 3.5108 -0.9115  0.25  ]
"(0.3375, -0.1872, -0.4069, 0.0437, -0.3774)",[ 2.8578 -2.0679  0.25  ]
"(0.3305, 0.2127, -0.2169, -0.046, 0.3924)",[3.3231 1.4765 0.25  ]
"(-0.1699, 0.1823, -0.2677, 0.1615, 0.1519)",[3.6401 0.5403 0.25  ]
"(-0.0514, -0.1657, -0.206, -0.0463, 0.0847)",[ 3.5941 -0.6103  0.25  ]
"(-0.4805, -0.3588, 0.1592, 0.1509, -0.3892)",[ 3.06   -1.8659  0.25  ]
"(-0.3706, -0.4688, 0.0494, 0.2409, -0.2392)",[ 3.1374 -1.7292  0.25  ]
"(0.2146, -0.3813, 0.0297, 0.1322, -0.4923)",[ 2.9468 -2.0375  0.25  ]
"(0.3868, -0.3471, 0.4032, 0.0638, 0.4527)",[3.2247 1.4967 0.25  ]
"(0.4301, 0.2675, -0.1955, -0.1982, 0.4392)",[3.2361 1.6054 0.25  ]
"(-0.0096, 0.427, -0.1133, 0.0961, -0.1227)",[3.6046 0.5897 0.25  ]
"(0.0084, -0.3939, 0.0659, -0.0189, 0.3364)",[3.6607 0.2079 0.25  ]
"(-0.4463, -0.497, 0.4007, -0.1506, 0.0835)",[ 3.535  -0.6681  0.25  ]
"(-0.4611, 0.1715, -0.2991, 0.0501, 0.1222)",[3.6282 0.1186 0.25  ]
"(-0.4394, -0.505, 0.3976, -0.1503, -0.226)",[ 3.2223 -1.5292  0.25  ]
"(0.0486, -0.1956, -0.4841, 0.0613, 0.1338)",[ 3.4521 -0.8785  0.25  ]
"(0.0329, -0.429, -0.0483, -0.1891, 0.1815)",[ 3.5142 -0.7728  0.25  ]
"(0.2056, 0.4127, -0.2171, -0.2665, -0.3375)",[ 3.581  -0.6677  0.25  ]
"(-0.4413, 0.3514, -0.1187, 0.3805, 0.191)",[3.3147 1.4118 0.25  ]
"(0.0642, -0.2785, 0.2802, 0.0024, 0.0009)",[ 3.6736 -0.1637  0.25  ]
"(0.3847, -0.2118, -0.4116, -0.1911, 0.3581)",[ 3.5478 -0.1791  0.25  ]
"(-0.4216, -0.4792, -0.1468, 0.0761, -0.4403)",[ 2.2911 -2.5407  0.25  ]
"(-0.4058, -0.0952, 0.3843, -0.2268, 0.1952)",[3.5779 0.6495 0.25  ]
"(-0.0446, 0.2674, 0.0845, -0.2124, 0.0969)",[3.5674 0.837  0.25  ]
"(0.167, 0.0712, -0.4783, 0.1645, -0.1414)",[ 3.5412 -0.8362  0.25  ]
"(-0.1561, 0.3346, -0.1454, 0.0836, 0.4845)",[2.9839 2.0244 0.25  ]
"(0.3431, 0.5035, 0.3831, -0.1564, -0.2471)",[3.3335 1.0149 0.25  ]
"(0.5021, 0.0717, 0.0527, -0.4879, -0.4582)",[ 3.2865 -1.4753  0.25  ]
"(-0.249, -0.2602, -0.0832, 0.4435, 0.2013)",[3.6519 0.1909 0.25  ]
"(0.3732, -0.003, -0.3436, -0.4953, 0.2779)",[ 3.5137 -0.1937  0.25  ]
"(0.4448, 0.1335, -0.1074, -0.3596, 0.1039)",[3.6426 0.1759 0.25  ]
"(0.2777, 0.1121, 0.4815, 0.1097, -0.1877)",[3.42   0.7263 0.25  ]
"(-0.4601, -0.451, 0.099, -0.326, 0.1991)",[ 3.3919 -0.8432  0.25  ]
"(-0.3884, -0.0106, -0.4321, 0.2258, 0.0203)",[ 3.5289 -0.7366  0.25  ]
"(-0.0421, 0.0989, 0.3681, 0.0688, 0.1387)",[3.3346 1.3404 0.25  ]
"(-0.2222, -0.3302, -0.0614, 0.1151, 0.031)",[ 3.5483 -0.8433  0.25  ]
"(0.3501, -0.4629, -0.386, -0.1685, 0.2487)",[ 3.2738 -1.1089  0.25  ]
"(0.3347, 0.143, 0.0834, -0.4657, -0.3372)",[ 3.5104 -0.9586  0.25  ]
"(0.2878, -0.4645, 0.4859, 0.085, 0.2953)",[3.4645 0.8748 0.25  ]
"(-0.261, 0.1632, -0.2468, 0.2237, -0.4766)",[ 3.3711 -1.401   0.25  ]
"(-0.3927, 0.2713, -0.4772, -0.1249, -0.4092)",[ 3.0969 -1.6328  0.25  ]
"(-0.2607, -0.4036, 0.1368, -0.0035, 0.4361)",[3.618  0.4785 0.25  ]
"(0.2774, 0.4114, -0.2099, -0.0115, -0.3877)",[ 3.6181 -0.4933  0.25  ]
"(-0.4192, -0.4727, -0.1431, 0.076, 0.2875)",[ 3.4976 -0.6385  0.25  ]
"(0.0769, 0.1951, 0.4954, 0.3644, 0.1849)",[2.5747 2.0546 0.25  ]
"(-0.1209, 0.4223, -0.1091, -0.4802, 0.1737)",[3.4882 0.798  0.25  ]
"(0.3091, 0.3928, 0.1731, -0.3363, -0.0975)",[3.54   0.7467 0.25  ]
"(-0.2288, 0.0985, 0.1693, 0.2757, 0.158)",[3.4202 1.2005 0.25  ]
"(0.0413, -0.0934, -0.4918, -0.2603, 0.1262)",[ 3.3518 -0.9372  0.25  ]
"(0.2804, -0.0421, -0.205, -0.3579, 0.2995)",[3.6109 0.1058 0.25  ]
"(-0.4574, 0.4427, -0.2872, 0.3836, -0.1078)",[3.6084 0.3954 0.25  ]
"(0.312, 0.2797, -0.3712, -0.1525, 0.3597)",[3.4524 1.1044 0.25  ]
"(0.4014, -0.4526, 0.4087, 0.0674, 0.4567)",[3.3221 1.2811 0.25  ]
"(0.2775, 0.0409, -0.2879, -0.3457, 0.1605)",[ 3.6092 -0.1267  0.25  ]
"(0.2682, -0.3244, -0.2439, 0.2271, -0.2549)",[ 3.206  -1.6089  0.25  ]
"(-0.0243, -0.415, 0.2451, -0.2764, 0.0949)",[ 3.5735 -0.6651  0.25  ]
"(-0.0277, 0.0016, -0.4478, 0.0917, -0.4182)",[ 3.0361 -1.8944  0.25  ]
"(0.3332, 0.3583, -0.1819, -0.2923, -0.3116)",[ 3.5922 -0.6154  0.25  ]
"(-0.4433, -0.2752, -0.2942, -0.1355, -0.366)",[ 2.3937 -2.3541  0.25  ]
"(-0.0665, 0.0489, -0.2719, 0.2759, 0.2102)",[3.637 0.557 0.25 ]
"(-0.4428, 0.3483, 0.1376, 0.3783, 0.188)",[3.0104 1.8103 0.25  ]
"(-0.054, 0.0844, 0.0136, 0.0524, 0.125)",[3.628  0.6795 0.25  ]
"(0.3388, -0.0475, -0.2455, 0.2269, -0.4385)",[ 3.2836 -1.51    0.25  ]
"(0.5008, 0.332, 0.3236, -0.308, -0.2147)",[3.5263 0.5561 0.25  ]
"(0.2579, -0.0494, -0.29, -0.2378, 0.321)",[3.615  0.2661 0.25  ]
"(0.479, -0.2875, 0.4227, 0.0533, 0.2223)",[3.4053 1.0031 0.25  ]
"(0.1505, -0.4825, 0.0249, 0.133, -0.1412)",[ 3.3116 -1.4325  0.25  ]
"(0.2057, -0.4564, 0.4845, 0.4621, 0.443)",[3.0158 1.5972 0.25  ]
"(0.0575, 0.3427, 0.1329, 0.3734, 0.1825)",[2.857  1.9409 0.25  ]
"(0.2659, -0.0495, -0.2884, -0.2363, -0.4698)",[ 2.8483 -2.106   0.25  ]
"(-0.1653, -0.2316, 0.4785, -0.1914, -0.2717)",[ 3.5389 -0.8773  0.25  ]
"(0.1163, 0.3079, -0.2221, -0.0725, 0.3579)",[3.331  1.4736 0.25  ]
"(-0.007, 0.4261, -0.1131, 0.0788, 0.4858)",[2.6693 2.3425 0.25  ]
"(-0.1676, 0.1757, 0.3657, -0.3943, -0.3041)",[ 3.6114 -0.3961  0.25  ]
"(0.4969, -0.3718, 0.2574, 0.1381, -0.142)",[ 3.5361 -0.5662  0.25  ]
"(-0.3994, 0.2777, 0.4662, -0.3033, 0.0386)",[3.3884 1.0964 0.25  ]
"(-0.134, 0.3931, -0.1282, 0.1389, -0.4856)",[ 3.566  -0.8211  0.25  ]
"(-0.1699, -0.0258, 0.2426, -0.0474, 0.1643)",[3.6072 0.7241 0.25  ]
"(0.2708, -0.0405, -0.2798, 0.2297, -0.4306)",[ 3.2708 -1.5514  0.25  ]
"(0.3942, 0.1865, -0.0343, 0.079, 0.387)",[3.0713 1.8394 0.25  ]
"(0.0023, 0.2603, -0.3196, -0.2002, -0.1096)",[ 3.5961 -0.5327  0.25  ]
"(-0.2824, -0.0309, 0.1275, -0.231, -0.0212)",[ 3.6406 -0.3508  0.25  ]
"(0.2729, 0.0604, 0.1114, -0.0977, 0.2094)",[3.5077 1.0536 0.25  ]
"(0.0535, -0.0785, -0.4769, 0.3615, 0.2704)",[3.6306 0.1998 0.25  ]
"(-0.2095, 0.3771, -0.1033, 0.4761, 0.3573)",[2.7656 2.1526 0.25  ]
"(-0.1263, 0.117, -0.3244, -0.4005, -0.4923)",[ 2.7064 -2.1281  0.25  ]
"(-0.3901, 0.3129, 0.4724, -0.0891, 0.3739)",[2.6389 2.2463 0.25  ]
"(-0.0219, 0.4074, 0.1976, 0.108, -0.0231)",[3.2894 1.3554 0.25  ]
"(0.3859, 0.3837, -0.0957, 0.4818, 0.3633)",[2.4789 2.2709 0.25  ]
"(0.1407, -0.4773, 0.4531, 0.5038, -0.2475)",[ 3.4261 -0.5063  0.25  ]
"(-0.2367, -0.3359, 0.0619, 0.4842, -0.4763)",[ 3.1125 -1.7698  0.25  ]
"(0.3175, 0.3951, 0.1756, 0.1539, -0.0952)",[3.264  1.2542 0.25  ]
"(-0.0207, 0.2551, 0.0146, 0.1129, -0.0149)",[3.6026 0.6879 0.25  ]
"(0.4054, 0.4219, -0.4792, 0.0581, -0.1967)",[ 3.6183 -0.2457  0.25  ]
"(-0.2896, -0.0442, 0.458, -0.2405, -0.0351)",[3.6353 0.2469 0.25  ]
"(0.3722, -0.1198, 0.4779, -0.1951, 0.2814)",[3.3196 1.3578 0.25  ]
"(-0.0865, -0.4775, -0.1467, 0.0727, 0.2827)",[ 3.5765 -0.4852  0.25  ]
"(-0.2486, -0.4025, 0.4764, -0.1963, -0.4404)",[ 3.0669 -1.8484  0.25  ]
"(-0.038, -0.3367, 0.2417, -0.4715, 0.1239)",[ 3.5359 -0.6359  0.25  ]
"(-0.088, -0.4618, 0.4778, 0.4569, -0.0216)",[3.5212 0.1228 0.25  ]
"(-0.4483, -0.2807, -0.2984, -0.1686, -0.3676)",[ 2.3163 -2.3938  0.25  ]
"(0.0714, -0.2673, 0.2717, -0.3875, -0.3076)",[ 3.2293 -1.6071  0.25  ]
"(0.2924, 0.1868, 0.4063, 0.0642, 0.4586)",[2.3714 2.439  0.25  ]
"(-0.1396, 0.198, -0.1348, 0.1323, -0.1004)",[ 3.6924 -0.0272  0.25  ]
"(0.1054, -0.0782, 0.4006, -0.2118, 0.212)",[3.5199 0.9759 0.25  ]
"(-0.3147, -0.4406, -0.5095, 0.4528, 0.2884)",[ 3.4649 -0.6475  0.25  ]
"(0.3667, -0.4091, -0.3584, -0.5055, 0.2588)",[ 3.171  -1.1178  0.25  ]
"(0.3635, -0.4972, -0.3566, -0.4572, -0.2269)",[ 2.1636 -2.3946  0.25  ]
"(-0.4431, -0.5086, 0.3219, 0.2646, 0.0692)",[ 3.6086 -0.3243  0.25  ]
"(-0.4791, 0.4246, -0.0363, 0.0962, -0.1251)",[3.5875 0.5401 0.25  ]
"(0.0458, 0.4436, -0.1382, 0.2092, 0.1949)",[3.1802 1.6627 0.25  ]
"(0.2694, 0.1621, -0.245, 0.2276, -0.2595)",[ 3.6329 -0.4144  0.25  ]
"(0.3358, -0.3202, -0.2491, 0.4033, -0.0015)",[ 3.552  -0.5615  0.25  ]
"(0.0655, -0.2729, -0.094, -0.1327, -0.3134)",[ 2.9982 -1.9458  0.25  ]
"(-0.209, 0.3496, -0.1891, -0.3002, -0.3202)",[ 3.491  -0.8983  0.25  ]
"(-0.4141, 0.2611, 0.382, -0.3463, -0.369)",[ 3.5758 -0.3479  0.25  ]
"(-0.2076, 0.2366, -0.0439, 0.1441, 0.0481)",[3.6053 0.7116 0.25  ]
"(-0.0342, -0.4164, 0.2421, -0.4507, 0.0945)",[ 3.4611 -0.8973  0.25  ]
"(-0.3782, -0.4125, 0.4791, -0.0831, 0.0467)",[ 3.621  -0.3017  0.25  ]
"(-0.452, -0.3657, -0.3754, -0.1735, -0.3772)",[ 2.0216 -2.521   0.25  ]
"(0.065, -0.2728, 0.4561, 0.0072, 0.0068)",[3.6384 0.1839 0.25  ]
"(0.4671, 0.1559, -0.3233, -0.254, 0.4363)",[3.4243 1.1366 0.25  ]
"(-0.3581, 0.4178, -0.1225, 0.2668, -0.222)",[3.632  0.2593 0.25  ]
"(-0.185, 0.0014, 0.2601, 0.1377, 0.1616)",[3.5015 1.0231 0.25  ]
"(0.3797, -0.4838, 0.3545, -0.0978, -0.2729)",[ 3.3042 -1.4156  0.25  ]
"(-0.3803, -0.0172, 0.2454, 0.228, 0.0113)",[3.591  0.6114 0.25  ]
